--
-- PostgreSQL database dump
--

-- Dumped from database version 17.4
-- Dumped by pg_dump version 17.4

SET statement_timeout = 0;
SET lock_timeout = 0;
SET idle_in_transaction_session_timeout = 0;
SET transaction_timeout = 0;
SET client_encoding = 'UTF8';
SET standard_conforming_strings = on;
SELECT pg_catalog.set_config('search_path', '', false);
SET check_function_bodies = false;
SET xmloption = content;
SET client_min_messages = warning;
SET row_security = off;

SET default_tablespace = '';

SET default_table_access_method = heap;

--
-- Name: auth_group; Type: TABLE; Schema: public; Owner: -
--

CREATE TABLE public.auth_group (
    id integer NOT NULL,
    name character varying(150) NOT NULL
);


--
-- Name: auth_group_id_seq; Type: SEQUENCE; Schema: public; Owner: -
--

ALTER TABLE public.auth_group ALTER COLUMN id ADD GENERATED BY DEFAULT AS IDENTITY (
    SEQUENCE NAME public.auth_group_id_seq
    START WITH 1
    INCREMENT BY 1
    NO MINVALUE
    NO MAXVALUE
    CACHE 1
);


--
-- Name: auth_group_permissions; Type: TABLE; Schema: public; Owner: -
--

CREATE TABLE public.auth_group_permissions (
    id bigint NOT NULL,
    group_id integer NOT NULL,
    permission_id integer NOT NULL
);


--
-- Name: auth_group_permissions_id_seq; Type: SEQUENCE; Schema: public; Owner: -
--

ALTER TABLE public.auth_group_permissions ALTER COLUMN id ADD GENERATED BY DEFAULT AS IDENTITY (
    SEQUENCE NAME public.auth_group_permissions_id_seq
    START WITH 1
    INCREMENT BY 1
    NO MINVALUE
    NO MAXVALUE
    CACHE 1
);


--
-- Name: auth_permission; Type: TABLE; Schema: public; Owner: -
--

CREATE TABLE public.auth_permission (
    id integer NOT NULL,
    name character varying(255) NOT NULL,
    content_type_id integer NOT NULL,
    codename character varying(100) NOT NULL
);


--
-- Name: auth_permission_id_seq; Type: SEQUENCE; Schema: public; Owner: -
--

ALTER TABLE public.auth_permission ALTER COLUMN id ADD GENERATED BY DEFAULT AS IDENTITY (
    SEQUENCE NAME public.auth_permission_id_seq
    START WITH 1
    INCREMENT BY 1
    NO MINVALUE
    NO MAXVALUE
    CACHE 1
);


--
-- Name: django_admin_log; Type: TABLE; Schema: public; Owner: -
--

CREATE TABLE public.django_admin_log (
    id integer NOT NULL,
    action_time timestamp with time zone NOT NULL,
    object_id text,
    object_repr character varying(200) NOT NULL,
    action_flag smallint NOT NULL,
    change_message text NOT NULL,
    content_type_id integer,
    user_id bigint NOT NULL,
    CONSTRAINT django_admin_log_action_flag_check CHECK ((action_flag >= 0))
);


--
-- Name: django_admin_log_id_seq; Type: SEQUENCE; Schema: public; Owner: -
--

ALTER TABLE public.django_admin_log ALTER COLUMN id ADD GENERATED BY DEFAULT AS IDENTITY (
    SEQUENCE NAME public.django_admin_log_id_seq
    START WITH 1
    INCREMENT BY 1
    NO MINVALUE
    NO MAXVALUE
    CACHE 1
);


--
-- Name: django_content_type; Type: TABLE; Schema: public; Owner: -
--

CREATE TABLE public.django_content_type (
    id integer NOT NULL,
    app_label character varying(100) NOT NULL,
    model character varying(100) NOT NULL
);


--
-- Name: django_content_type_id_seq; Type: SEQUENCE; Schema: public; Owner: -
--

ALTER TABLE public.django_content_type ALTER COLUMN id ADD GENERATED BY DEFAULT AS IDENTITY (
    SEQUENCE NAME public.django_content_type_id_seq
    START WITH 1
    INCREMENT BY 1
    NO MINVALUE
    NO MAXVALUE
    CACHE 1
);


--
-- Name: django_migrations; Type: TABLE; Schema: public; Owner: -
--

CREATE TABLE public.django_migrations (
    id bigint NOT NULL,
    app character varying(255) NOT NULL,
    name character varying(255) NOT NULL,
    applied timestamp with time zone NOT NULL
);


--
-- Name: django_migrations_id_seq; Type: SEQUENCE; Schema: public; Owner: -
--

ALTER TABLE public.django_migrations ALTER COLUMN id ADD GENERATED BY DEFAULT AS IDENTITY (
    SEQUENCE NAME public.django_migrations_id_seq
    START WITH 1
    INCREMENT BY 1
    NO MINVALUE
    NO MAXVALUE
    CACHE 1
);


--
-- Name: django_session; Type: TABLE; Schema: public; Owner: -
--

CREATE TABLE public.django_session (
    session_key character varying(40) NOT NULL,
    session_data text NOT NULL,
    expire_date timestamp with time zone NOT NULL
);


--
-- Name: initiatives_category; Type: TABLE; Schema: public; Owner: -
--

CREATE TABLE public.initiatives_category (
    id bigint NOT NULL,
    name character varying(100) NOT NULL,
    description text NOT NULL
);


--
-- Name: initiatives_category_id_seq; Type: SEQUENCE; Schema: public; Owner: -
--

ALTER TABLE public.initiatives_category ALTER COLUMN id ADD GENERATED BY DEFAULT AS IDENTITY (
    SEQUENCE NAME public.initiatives_category_id_seq
    START WITH 1
    INCREMENT BY 1
    NO MINVALUE
    NO MAXVALUE
    CACHE 1
);


--
-- Name: initiatives_initiative; Type: TABLE; Schema: public; Owner: -
--

CREATE TABLE public.initiatives_initiative (
    id bigint NOT NULL,
    title character varying(200) NOT NULL,
    description text NOT NULL,
    image character varying(100),
    goal_amount numeric(12,2) NOT NULL,
    current_amount numeric(12,2) NOT NULL,
    status character varying(20) NOT NULL,
    created_at timestamp with time zone NOT NULL,
    updated_at timestamp with time zone NOT NULL,
    duration_months integer NOT NULL,
    project_scale integer NOT NULL,
    location character varying(100) NOT NULL,
    carbon_impact double precision NOT NULL,
    energy_impact double precision NOT NULL,
    water_impact double precision NOT NULL,
    carbon_reduction_per_investment double precision NOT NULL,
    energy_savings_per_investment double precision NOT NULL,
    max_investment numeric(12,2),
    min_investment numeric(10,2) NOT NULL,
    risk_level character varying(20) NOT NULL,
    roi_estimate numeric(5,2) NOT NULL,
    water_savings_per_investment double precision NOT NULL,
    technology_type character varying(20) NOT NULL
);


--
-- Name: initiatives_initiative_categories; Type: TABLE; Schema: public; Owner: -
--

CREATE TABLE public.initiatives_initiative_categories (
    id bigint NOT NULL,
    initiative_id bigint NOT NULL,
    category_id bigint NOT NULL
);


--
-- Name: initiatives_initiative_categories_id_seq; Type: SEQUENCE; Schema: public; Owner: -
--

ALTER TABLE public.initiatives_initiative_categories ALTER COLUMN id ADD GENERATED BY DEFAULT AS IDENTITY (
    SEQUENCE NAME public.initiatives_initiative_categories_id_seq
    START WITH 1
    INCREMENT BY 1
    NO MINVALUE
    NO MAXVALUE
    CACHE 1
);


--
-- Name: initiatives_initiative_id_seq; Type: SEQUENCE; Schema: public; Owner: -
--

ALTER TABLE public.initiatives_initiative ALTER COLUMN id ADD GENERATED BY DEFAULT AS IDENTITY (
    SEQUENCE NAME public.initiatives_initiative_id_seq
    START WITH 1
    INCREMENT BY 1
    NO MINVALUE
    NO MAXVALUE
    CACHE 1
);


--
-- Name: investments_investment; Type: TABLE; Schema: public; Owner: -
--

CREATE TABLE public.investments_investment (
    id bigint NOT NULL,
    amount numeric(12,2) NOT NULL,
    carbon_impact double precision NOT NULL,
    energy_impact double precision NOT NULL,
    water_impact double precision NOT NULL,
    created_at timestamp with time zone NOT NULL,
    initiative_id bigint NOT NULL,
    user_id bigint NOT NULL,
    updated_at timestamp with time zone NOT NULL
);


--
-- Name: investments_investment_id_seq; Type: SEQUENCE; Schema: public; Owner: -
--

ALTER TABLE public.investments_investment ALTER COLUMN id ADD GENERATED BY DEFAULT AS IDENTITY (
    SEQUENCE NAME public.investments_investment_id_seq
    START WITH 1
    INCREMENT BY 1
    NO MINVALUE
    NO MAXVALUE
    CACHE 1
);


--
-- Name: investments_investmentgoal; Type: TABLE; Schema: public; Owner: -
--

CREATE TABLE public.investments_investmentgoal (
    id bigint NOT NULL,
    goal_type character varying(20) NOT NULL,
    target_amount numeric(10,2),
    target_carbon double precision,
    target_energy double precision,
    target_water double precision,
    target_date date NOT NULL,
    created_at timestamp with time zone NOT NULL,
    user_id bigint NOT NULL
);


--
-- Name: investments_investmentgoal_id_seq; Type: SEQUENCE; Schema: public; Owner: -
--

ALTER TABLE public.investments_investmentgoal ALTER COLUMN id ADD GENERATED BY DEFAULT AS IDENTITY (
    SEQUENCE NAME public.investments_investmentgoal_id_seq
    START WITH 1
    INCREMENT BY 1
    NO MINVALUE
    NO MAXVALUE
    CACHE 1
);


--
-- Name: onboarding_onboardingprogress; Type: TABLE; Schema: public; Owner: -
--

CREATE TABLE public.onboarding_onboardingprogress (
    id bigint NOT NULL,
    welcome_completed boolean NOT NULL,
    interests_completed boolean NOT NULL,
    investment_profile_completed boolean NOT NULL,
    tutorial_completed boolean NOT NULL,
    completed_at timestamp with time zone,
    user_id bigint NOT NULL
);


--
-- Name: onboarding_onboardingprogress_id_seq; Type: SEQUENCE; Schema: public; Owner: -
--

ALTER TABLE public.onboarding_onboardingprogress ALTER COLUMN id ADD GENERATED BY DEFAULT AS IDENTITY (
    SEQUENCE NAME public.onboarding_onboardingprogress_id_seq
    START WITH 1
    INCREMENT BY 1
    NO MINVALUE
    NO MAXVALUE
    CACHE 1
);


--
-- Name: onboarding_userpreference; Type: TABLE; Schema: public; Owner: -
--

CREATE TABLE public.onboarding_userpreference (
    id bigint NOT NULL,
    risk_tolerance character varying(10) NOT NULL,
    investment_timeframe character varying(10) NOT NULL,
    min_investment numeric(12,2) NOT NULL,
    max_investment numeric(12,2) NOT NULL,
    carbon_priority integer NOT NULL,
    water_priority integer NOT NULL,
    energy_priority integer NOT NULL,
    user_id bigint NOT NULL
);


--
-- Name: onboarding_userpreference_id_seq; Type: SEQUENCE; Schema: public; Owner: -
--

ALTER TABLE public.onboarding_userpreference ALTER COLUMN id ADD GENERATED BY DEFAULT AS IDENTITY (
    SEQUENCE NAME public.onboarding_userpreference_id_seq
    START WITH 1
    INCREMENT BY 1
    NO MINVALUE
    NO MAXVALUE
    CACHE 1
);


--
-- Name: onboarding_userpreference_interested_categories; Type: TABLE; Schema: public; Owner: -
--

CREATE TABLE public.onboarding_userpreference_interested_categories (
    id bigint NOT NULL,
    userpreference_id bigint NOT NULL,
    category_id bigint NOT NULL
);


--
-- Name: onboarding_userpreference_interested_categories_id_seq; Type: SEQUENCE; Schema: public; Owner: -
--

ALTER TABLE public.onboarding_userpreference_interested_categories ALTER COLUMN id ADD GENERATED BY DEFAULT AS IDENTITY (
    SEQUENCE NAME public.onboarding_userpreference_interested_categories_id_seq
    START WITH 1
    INCREMENT BY 1
    NO MINVALUE
    NO MAXVALUE
    CACHE 1
);


--
-- Name: users_customuser; Type: TABLE; Schema: public; Owner: -
--

CREATE TABLE public.users_customuser (
    id bigint NOT NULL,
    password character varying(128) NOT NULL,
    last_login timestamp with time zone,
    is_superuser boolean NOT NULL,
    username character varying(150) NOT NULL,
    first_name character varying(150) NOT NULL,
    last_name character varying(150) NOT NULL,
    is_staff boolean NOT NULL,
    is_active boolean NOT NULL,
    date_joined timestamp with time zone NOT NULL,
    email character varying(254) NOT NULL
);


--
-- Name: users_customuser_groups; Type: TABLE; Schema: public; Owner: -
--

CREATE TABLE public.users_customuser_groups (
    id bigint NOT NULL,
    customuser_id bigint NOT NULL,
    group_id integer NOT NULL
);


--
-- Name: users_customuser_groups_id_seq; Type: SEQUENCE; Schema: public; Owner: -
--

ALTER TABLE public.users_customuser_groups ALTER COLUMN id ADD GENERATED BY DEFAULT AS IDENTITY (
    SEQUENCE NAME public.users_customuser_groups_id_seq
    START WITH 1
    INCREMENT BY 1
    NO MINVALUE
    NO MAXVALUE
    CACHE 1
);


--
-- Name: users_customuser_id_seq; Type: SEQUENCE; Schema: public; Owner: -
--

ALTER TABLE public.users_customuser ALTER COLUMN id ADD GENERATED BY DEFAULT AS IDENTITY (
    SEQUENCE NAME public.users_customuser_id_seq
    START WITH 1
    INCREMENT BY 1
    NO MINVALUE
    NO MAXVALUE
    CACHE 1
);


--
-- Name: users_customuser_user_permissions; Type: TABLE; Schema: public; Owner: -
--

CREATE TABLE public.users_customuser_user_permissions (
    id bigint NOT NULL,
    customuser_id bigint NOT NULL,
    permission_id integer NOT NULL
);


--
-- Name: users_customuser_user_permissions_id_seq; Type: SEQUENCE; Schema: public; Owner: -
--

ALTER TABLE public.users_customuser_user_permissions ALTER COLUMN id ADD GENERATED BY DEFAULT AS IDENTITY (
    SEQUENCE NAME public.users_customuser_user_permissions_id_seq
    START WITH 1
    INCREMENT BY 1
    NO MINVALUE
    NO MAXVALUE
    CACHE 1
);


--
-- Name: users_profile; Type: TABLE; Schema: public; Owner: -
--

CREATE TABLE public.users_profile (
    id bigint NOT NULL,
    profile_image character varying(100),
    carbon_reduced double precision NOT NULL,
    energy_saved double precision NOT NULL,
    water_conserved double precision NOT NULL,
    user_id bigint NOT NULL,
    address_line1 character varying(255),
    address_line2 character varying(255),
    bio text,
    city character varying(100),
    country character varying(100),
    phone_number character varying(15),
    postal_code character varying(20),
    state character varying(100)
);


--
-- Name: users_profile_id_seq; Type: SEQUENCE; Schema: public; Owner: -
--

ALTER TABLE public.users_profile ALTER COLUMN id ADD GENERATED BY DEFAULT AS IDENTITY (
    SEQUENCE NAME public.users_profile_id_seq
    START WITH 1
    INCREMENT BY 1
    NO MINVALUE
    NO MAXVALUE
    CACHE 1
);


--
-- Data for Name: auth_group; Type: TABLE DATA; Schema: public; Owner: -
--

COPY public.auth_group (id, name) FROM stdin;
\.


--
-- Data for Name: auth_group_permissions; Type: TABLE DATA; Schema: public; Owner: -
--

COPY public.auth_group_permissions (id, group_id, permission_id) FROM stdin;
\.


--
-- Data for Name: auth_permission; Type: TABLE DATA; Schema: public; Owner: -
--

COPY public.auth_permission (id, name, content_type_id, codename) FROM stdin;
1	Can add log entry	1	add_logentry
2	Can change log entry	1	change_logentry
3	Can delete log entry	1	delete_logentry
4	Can view log entry	1	view_logentry
5	Can add permission	2	add_permission
6	Can change permission	2	change_permission
7	Can delete permission	2	delete_permission
8	Can view permission	2	view_permission
9	Can add group	3	add_group
10	Can change group	3	change_group
11	Can delete group	3	delete_group
12	Can view group	3	view_group
13	Can add content type	4	add_contenttype
14	Can change content type	4	change_contenttype
15	Can delete content type	4	delete_contenttype
16	Can view content type	4	view_contenttype
17	Can add session	5	add_session
18	Can change session	5	change_session
19	Can delete session	5	delete_session
20	Can view session	5	view_session
21	Can add user	6	add_customuser
22	Can change user	6	change_customuser
23	Can delete user	6	delete_customuser
24	Can view user	6	view_customuser
25	Can add profile	7	add_profile
26	Can change profile	7	change_profile
27	Can delete profile	7	delete_profile
28	Can view profile	7	view_profile
29	Can add category	8	add_category
30	Can change category	8	change_category
31	Can delete category	8	delete_category
32	Can view category	8	view_category
33	Can add initiative	9	add_initiative
34	Can change initiative	9	change_initiative
35	Can delete initiative	9	delete_initiative
36	Can view initiative	9	view_initiative
37	Can add investment	10	add_investment
38	Can change investment	10	change_investment
39	Can delete investment	10	delete_investment
40	Can view investment	10	view_investment
41	Can add investment goal	11	add_investmentgoal
42	Can change investment goal	11	change_investmentgoal
43	Can delete investment goal	11	delete_investmentgoal
44	Can view investment goal	11	view_investmentgoal
45	Can add onboarding progress	12	add_onboardingprogress
46	Can change onboarding progress	12	change_onboardingprogress
47	Can delete onboarding progress	12	delete_onboardingprogress
48	Can view onboarding progress	12	view_onboardingprogress
49	Can add user preference	13	add_userpreference
50	Can change user preference	13	change_userpreference
51	Can delete user preference	13	delete_userpreference
52	Can view user preference	13	view_userpreference
\.


--
-- Data for Name: django_admin_log; Type: TABLE DATA; Schema: public; Owner: -
--

COPY public.django_admin_log (id, action_time, object_id, object_repr, action_flag, change_message, content_type_id, user_id) FROM stdin;
1	2025-05-05 16:15:11.473461+05:30	11	Renewable Energy Project in Goa	2	[{"changed": {"fields": ["Image"]}}]	9	1
2	2025-05-05 16:16:06.641578+05:30	10	Renewable Energy Project in Kerala	2	[{"changed": {"fields": ["Image"]}}]	9	1
3	2025-05-05 16:16:15.319346+05:30	9	Renewable Energy Project in Tripura	2	[{"changed": {"fields": ["Image"]}}]	9	1
4	2025-05-05 16:16:21.574178+05:30	8	Renewable Energy Project in Tripura	2	[{"changed": {"fields": ["Image"]}}]	9	1
5	2025-05-05 16:16:29.302617+05:30	7	Renewable Energy Project in Mizoram	2	[{"changed": {"fields": ["Image"]}}]	9	1
6	2025-05-05 16:16:35.96621+05:30	6	Renewable Energy Project in Rajasthan	2	[{"changed": {"fields": ["Image"]}}]	9	1
7	2025-05-05 16:16:42.500201+05:30	5	Renewable Energy Project in Meghalaya	2	[{"changed": {"fields": ["Image"]}}]	9	1
8	2025-05-05 16:16:49.10274+05:30	4	Renewable Energy Project in Meghalaya	2	[{"changed": {"fields": ["Image"]}}]	9	1
9	2025-05-05 16:16:55.822417+05:30	2	Renewable Energy Project in Punjab	2	[{"changed": {"fields": ["Image"]}}]	9	1
10	2025-05-05 16:17:01.923092+05:30	3	Renewable Energy Project in Punjab	2	[{"changed": {"fields": ["Image"]}}]	9	1
11	2025-05-05 16:17:18.953596+05:30	1	Renewable Energy Project in Andhra Pradesh	2	[{"changed": {"fields": ["Image"]}}]	9	1
12	2025-05-05 16:18:49.846102+05:30	22	Recycling Project in Karnataka	2	[{"changed": {"fields": ["Image"]}}]	9	1
13	2025-05-05 16:18:55.727173+05:30	21	Recycling Project in Bihar	2	[{"changed": {"fields": ["Image"]}}]	9	1
14	2025-05-05 16:19:02.183651+05:30	20	Recycling Project in Goa	2	[{"changed": {"fields": ["Image"]}}]	9	1
15	2025-05-05 16:19:09.022483+05:30	19	Recycling Project in Goa	2	[{"changed": {"fields": ["Image"]}}]	9	1
16	2025-05-05 16:19:15.126003+05:30	18	Recycling Project in Madhya Pradesh	2	[{"changed": {"fields": ["Image"]}}]	9	1
17	2025-05-05 16:19:29.40038+05:30	17	Recycling Project in Haryana	2	[{"changed": {"fields": ["Image"]}}]	9	1
18	2025-05-05 16:19:37.874109+05:30	16	Recycling Project in Haryana	2	[{"changed": {"fields": ["Image"]}}]	9	1
19	2025-05-05 16:19:43.979701+05:30	15	Recycling Project in Tamil Nadu	2	[{"changed": {"fields": ["Image"]}}]	9	1
20	2025-05-05 16:19:51.657745+05:30	14	Recycling Project in Telangana	2	[{"changed": {"fields": ["Image"]}}]	9	1
21	2025-05-05 16:19:58.296753+05:30	13	Recycling Project in Himachal Pradesh	2	[{"changed": {"fields": ["Image"]}}]	9	1
22	2025-05-05 16:20:04.429951+05:30	12	Recycling Project in Himachal Pradesh	2	[{"changed": {"fields": ["Image"]}}]	9	1
23	2025-05-05 16:22:33.0517+05:30	35	Emission Control Project in Madhya Pradesh	2	[{"changed": {"fields": ["Image"]}}]	9	1
24	2025-05-05 16:22:39.417195+05:30	34	Emission Control Project in Madhya Pradesh	2	[{"changed": {"fields": ["Image"]}}]	9	1
25	2025-05-05 16:22:45.109076+05:30	33	Emission Control Project in Nagaland	2	[{"changed": {"fields": ["Image"]}}]	9	1
26	2025-05-05 16:22:50.492695+05:30	32	Emission Control Project in Nagaland	2	[{"changed": {"fields": ["Image"]}}]	9	1
27	2025-05-05 16:22:56.82496+05:30	31	Emission Control Project in Meghalaya	2	[{"changed": {"fields": ["Image"]}}]	9	1
28	2025-05-05 16:23:05.166213+05:30	30	Emission Control Project in Meghalaya	2	[{"changed": {"fields": ["Image"]}}]	9	1
29	2025-05-05 16:23:15.810775+05:30	29	Emission Control Project in Uttarakhand	2	[{"changed": {"fields": ["Image"]}}]	9	1
30	2025-05-05 16:23:21.202928+05:30	28	Emission Control Project in Uttarakhand	2	[{"changed": {"fields": ["Image"]}}]	9	1
31	2025-05-05 16:23:27.491443+05:30	27	Emission Control Project in Rajasthan	2	[{"changed": {"fields": ["Image"]}}]	9	1
32	2025-05-05 16:23:33.045726+05:30	26	Emission Control Project in Rajasthan	2	[{"changed": {"fields": ["Image"]}}]	9	1
33	2025-05-05 16:23:39.001785+05:30	25	Emission Control Project in Himachal Pradesh	2	[{"changed": {"fields": ["Image"]}}]	9	1
34	2025-05-05 16:23:43.768639+05:30	24	Emission Control Project in Himachal Pradesh	2	[{"changed": {"fields": ["Image"]}}]	9	1
35	2025-05-05 16:23:49.464908+05:30	23	Emission Control Project in Telangana	2	[{"changed": {"fields": ["Image"]}}]	9	1
36	2025-05-05 16:25:18.538089+05:30	45	Water Conservation Project in Bihar	2	[{"changed": {"fields": ["Image"]}}]	9	1
37	2025-05-05 16:25:29.011848+05:30	44	Water Conservation Project in Bihar	2	[{"changed": {"fields": ["Image"]}}]	9	1
38	2025-05-05 16:25:35.625288+05:30	43	Water Conservation Project in Telangana	2	[{"changed": {"fields": ["Image"]}}]	9	1
39	2025-05-05 16:25:42.442345+05:30	42	Water Conservation Project in Karnataka	2	[{"changed": {"fields": ["Image"]}}]	9	1
40	2025-05-05 16:25:50.495271+05:30	41	Water Conservation Project in Karnataka	2	[{"changed": {"fields": ["Image"]}}]	9	1
41	2025-05-05 16:25:58.363002+05:30	40	Water Conservation Project in Uttar Pradesh	2	[{"changed": {"fields": ["Image"]}}]	9	1
42	2025-05-05 16:26:04.811381+05:30	39	Water Conservation Project in Uttar Pradesh	2	[{"changed": {"fields": ["Image"]}}]	9	1
43	2025-05-05 16:26:13.112029+05:30	38	Water Conservation Project in Maharashtra	2	[{"changed": {"fields": ["Image"]}}]	9	1
44	2025-05-05 16:26:24.136203+05:30	37	Water Conservation Project in Andhra Pradesh	2	[{"changed": {"fields": ["Image"]}}]	9	1
45	2025-05-05 16:26:31.311804+05:30	36	Water Conservation Project in Andhra Pradesh	2	[{"changed": {"fields": ["Image"]}}]	9	1
46	2025-05-05 16:28:31.563428+05:30	56	Reforestation Project in Himachal Pradesh	2	[{"changed": {"fields": ["Image"]}}]	9	1
47	2025-05-05 16:28:38.612589+05:30	55	Reforestation Project in Himachal Pradesh	2	[{"changed": {"fields": ["Image"]}}]	9	1
48	2025-05-05 16:28:45.200746+05:30	54	Reforestation Project in Jharkhand	2	[{"changed": {"fields": ["Image"]}}]	9	1
49	2025-05-05 16:28:51.28005+05:30	53	Reforestation Project in Kerala	2	[{"changed": {"fields": ["Image"]}}]	9	1
50	2025-05-05 16:29:36.886259+05:30	52	Reforestation Project in Karnataka	2	[{"changed": {"fields": ["Image"]}}]	9	1
51	2025-05-05 16:29:57.828713+05:30	51	Reforestation Project in Karnataka	2	[{"changed": {"fields": ["Image"]}}]	9	1
52	2025-05-05 16:30:16.663054+05:30	50	Reforestation Project in Gujarat	2	[{"changed": {"fields": ["Image"]}}]	9	1
53	2025-05-05 16:30:48.015807+05:30	50	Reforestation Project in Gujarat	2	[{"changed": {"fields": ["Image"]}}]	9	1
54	2025-05-05 16:31:43.346503+05:30	50	Reforestation Project in Gujarat	2	[]	9	1
55	2025-05-05 16:32:11.284509+05:30	46	Reforestation Project in Meghalaya	2	[{"changed": {"fields": ["Image"]}}]	9	1
56	2025-05-05 16:32:18.773674+05:30	47	Reforestation Project in Bihar	2	[{"changed": {"fields": ["Image"]}}]	9	1
57	2025-05-05 16:32:24.375974+05:30	48	Reforestation Project in Odisha	2	[{"changed": {"fields": ["Image"]}}]	9	1
58	2025-05-05 16:32:33.534927+05:30	49	Reforestation Project in Gujarat	2	[{"changed": {"fields": ["Image"]}}]	9	1
59	2025-05-05 16:36:35.42371+05:30	66	Sustainable Agriculture Project in Gujarat	2	[{"changed": {"fields": ["Image"]}}]	9	1
60	2025-05-05 16:36:40.495818+05:30	65	Sustainable Agriculture Project in Madhya Pradesh	2	[{"changed": {"fields": ["Image"]}}]	9	1
61	2025-05-05 16:36:48.140666+05:30	64	Sustainable Agriculture Project in Manipur	2	[{"changed": {"fields": ["Image"]}}]	9	1
62	2025-05-05 16:36:54.034463+05:30	63	Sustainable Agriculture Project in Manipur	2	[{"changed": {"fields": ["Image"]}}]	9	1
63	2025-05-05 16:37:00.002874+05:30	62	Sustainable Agriculture Project in Odisha	2	[{"changed": {"fields": ["Image"]}}]	9	1
64	2025-05-05 16:37:09.410708+05:30	61	Sustainable Agriculture Project in Odisha	2	[{"changed": {"fields": ["Image"]}}]	9	1
65	2025-05-05 16:37:21.333943+05:30	60	Sustainable Agriculture Project in Sikkim	2	[{"changed": {"fields": ["Image"]}}]	9	1
66	2025-05-05 16:37:28.221929+05:30	59	Sustainable Agriculture Project in Sikkim	2	[{"changed": {"fields": ["Image"]}}]	9	1
67	2025-05-05 16:37:35.272914+05:30	58	Sustainable Agriculture Project in Maharashtra	2	[{"changed": {"fields": ["Image"]}}]	9	1
68	2025-05-05 16:37:41.920407+05:30	57	Sustainable Agriculture Project in Bihar	2	[{"changed": {"fields": ["Image"]}}]	9	1
69	2025-05-05 16:39:35.32353+05:30	77	Clean Transportation Project in Haryana	2	[{"changed": {"fields": ["Image"]}}]	9	1
70	2025-05-05 16:39:41.252119+05:30	76	Clean Transportation Project in Jharkhand	2	[{"changed": {"fields": ["Image"]}}]	9	1
71	2025-05-05 16:39:47.245678+05:30	75	Clean Transportation Project in Jharkhand	2	[{"changed": {"fields": ["Image"]}}]	9	1
72	2025-05-05 16:39:52.878489+05:30	74	Clean Transportation Project in Tripura	2	[{"changed": {"fields": ["Image"]}}]	9	1
73	2025-05-05 16:39:58.816801+05:30	73	Clean Transportation Project in Tripura	2	[{"changed": {"fields": ["Image"]}}]	9	1
74	2025-05-05 16:40:05.041657+05:30	72	Clean Transportation Project in Assam	2	[{"changed": {"fields": ["Image"]}}]	9	1
75	2025-05-05 16:40:10.776661+05:30	71	Clean Transportation Project in Telangana	2	[{"changed": {"fields": ["Image"]}}]	9	1
76	2025-05-05 16:40:17.143584+05:30	70	Clean Transportation Project in Telangana	2	[{"changed": {"fields": ["Image"]}}]	9	1
77	2025-05-05 16:40:27.356535+05:30	69	Clean Transportation Project in Punjab	2	[{"changed": {"fields": ["Image"]}}]	9	1
78	2025-05-05 16:40:32.540998+05:30	68	Clean Transportation Project in Punjab	2	[{"changed": {"fields": ["Image"]}}]	9	1
79	2025-05-05 16:40:37.634894+05:30	67	Clean Transportation Project in Maharashtra	2	[{"changed": {"fields": ["Image"]}}]	9	1
80	2025-05-05 16:42:05.748839+05:30	88	Waste Management Project in Nagaland	2	[{"changed": {"fields": ["Image"]}}]	9	1
81	2025-05-05 16:42:11.843257+05:30	87	Waste Management Project in Odisha	2	[{"changed": {"fields": ["Image"]}}]	9	1
82	2025-05-05 16:42:20.942102+05:30	86	Waste Management Project in Maharashtra	2	[{"changed": {"fields": ["Image"]}}]	9	1
83	2025-05-05 16:42:27.715567+05:30	85	Waste Management Project in Maharashtra	2	[{"changed": {"fields": ["Image"]}}]	9	1
84	2025-05-05 16:42:37.480166+05:30	84	Waste Management Project in Tripura	2	[{"changed": {"fields": ["Image"]}}]	9	1
85	2025-05-05 16:42:44.103602+05:30	83	Waste Management Project in Assam	2	[{"changed": {"fields": ["Image"]}}]	9	1
86	2025-05-05 16:42:54.708363+05:30	82	Waste Management Project in Assam	2	[{"changed": {"fields": ["Image"]}}]	9	1
87	2025-05-05 16:43:03.044463+05:30	81	Waste Management Project in Andhra Pradesh	2	[{"changed": {"fields": ["Image"]}}]	9	1
88	2025-05-05 16:43:11.857344+05:30	80	Waste Management Project in Andhra Pradesh	2	[{"changed": {"fields": ["Image"]}}]	9	1
89	2025-05-05 16:43:19.561616+05:30	79	Waste Management Project in Arunachal Pradesh	2	[{"changed": {"fields": ["Image"]}}]	9	1
90	2025-05-05 16:43:27.054022+05:30	78	Waste Management Project in Arunachal Pradesh	2	[{"changed": {"fields": ["Image"]}}]	9	1
91	2025-05-05 16:44:27.914945+05:30	97	Green Technology Project in Kerala	2	[{"changed": {"fields": ["Image"]}}]	9	1
92	2025-05-05 16:44:33.043228+05:30	96	Green Technology Project in Kerala	2	[{"changed": {"fields": ["Image"]}}]	9	1
93	2025-05-05 16:44:37.619627+05:30	95	Green Technology Project in Rajasthan	2	[{"changed": {"fields": ["Image"]}}]	9	1
94	2025-05-05 16:44:42.391979+05:30	94	Green Technology Project in Rajasthan	2	[{"changed": {"fields": ["Image"]}}]	9	1
95	2025-05-05 16:44:47.954569+05:30	93	Green Technology Project in Assam	2	[{"changed": {"fields": ["Image"]}}]	9	1
96	2025-05-05 16:44:53.304958+05:30	92	Green Technology Project in Assam	2	[{"changed": {"fields": ["Image"]}}]	9	1
97	2025-05-05 16:44:58.923967+05:30	91	Green Technology Project in Odisha	2	[{"changed": {"fields": ["Image"]}}]	9	1
98	2025-05-05 16:45:09.011122+05:30	90	Green Technology Project in Odisha	2	[{"changed": {"fields": ["Image"]}}]	9	1
99	2025-05-05 16:45:13.751794+05:30	89	Green Technology Project in Telangana	2	[{"changed": {"fields": ["Image"]}}]	9	1
100	2025-05-05 16:51:31.061846+05:30	111	Ocean Conservation Project in Himachal Pradesh	3		9	1
101	2025-05-05 16:51:31.06188+05:30	110	Ocean Conservation Project in Himachal Pradesh	3		9	1
102	2025-05-05 16:52:17.992997+05:30	107	Ocean Conservation Project in Meghalaya	3		9	1
103	2025-05-05 16:52:17.993028+05:30	106	Ocean Conservation Project in Meghalaya	3		9	1
104	2025-05-05 16:52:43.674538+05:30	105	Ocean Conservation Project in Jharkhand	3		9	1
105	2025-05-05 16:52:43.674581+05:30	104	Ocean Conservation Project in Jharkhand	3		9	1
106	2025-05-05 16:53:54.173272+05:30	103	Ocean Conservation Project in Mizoram	3		9	1
107	2025-05-05 16:53:54.173313+05:30	102	Ocean Conservation Project in Mizoram	3		9	1
108	2025-05-05 16:54:31.425034+05:30	101	Ocean Conservation Project in Sikkim	3		9	1
109	2025-05-05 16:54:31.425065+05:30	100	Ocean Conservation Project in Sikkim	3		9	1
110	2025-05-05 16:55:30.513147+05:30	99	Ocean Conservation Project in Kerala	2	[{"changed": {"fields": ["Title", "Description", "Location"]}}]	9	1
111	2025-05-05 16:55:44.860471+05:30	98	Ocean Conservation Project in Kerala	2	[{"changed": {"fields": ["Title", "Description", "Location"]}}]	9	1
112	2025-05-05 16:55:53.228548+05:30	109	Ocean Conservation Project in Telangana	2	[{"changed": {"fields": ["Image"]}}]	9	1
113	2025-05-05 16:55:58.907659+05:30	108	Ocean Conservation Project in Telangana	2	[{"changed": {"fields": ["Image"]}}]	9	1
114	2025-05-05 16:56:04.571389+05:30	99	Ocean Conservation Project in Kerala	2	[{"changed": {"fields": ["Image"]}}]	9	1
115	2025-05-05 16:56:10.579617+05:30	98	Ocean Conservation Project in Kerala	2	[{"changed": {"fields": ["Image"]}}]	9	1
116	2025-05-05 16:57:07.821142+05:30	109	Ocean Conservation Project in Tamil Nadu	2	[{"changed": {"fields": ["Title", "Description", "Location"]}}]	9	1
117	2025-05-05 16:57:18.44156+05:30	108	Ocean Conservation Project in Tamil Nadu	2	[{"changed": {"fields": ["Title", "Description", "Location"]}}]	9	1
118	2025-05-05 16:58:46.070184+05:30	93	Green Technology Project in Assam	3		9	1
119	2025-05-05 16:58:46.070221+05:30	76	Clean Transportation Project in Jharkhand	3		9	1
120	2025-05-05 16:58:46.070242+05:30	74	Clean Transportation Project in Tripura	3		9	1
121	2025-05-05 16:58:46.07026+05:30	72	Clean Transportation Project in Assam	3		9	1
122	2025-05-05 16:58:46.070277+05:30	60	Sustainable Agriculture Project in Sikkim	3		9	1
123	2025-05-05 16:58:46.070293+05:30	54	Reforestation Project in Jharkhand	3		9	1
124	2025-05-05 16:58:46.070308+05:30	49	Reforestation Project in Gujarat	3		9	1
125	2025-05-05 16:58:46.070323+05:30	43	Water Conservation Project in Telangana	3		9	1
126	2025-05-05 16:58:46.070338+05:30	38	Water Conservation Project in Maharashtra	3		9	1
127	2025-05-05 16:58:46.070373+05:30	36	Water Conservation Project in Andhra Pradesh	3		9	1
128	2025-05-05 16:58:46.070388+05:30	20	Recycling Project in Goa	3		9	1
129	2025-05-05 16:58:46.070403+05:30	18	Recycling Project in Madhya Pradesh	3		9	1
130	2025-05-05 16:58:46.070432+05:30	12	Recycling Project in Himachal Pradesh	3		9	1
131	2025-05-05 16:58:46.070448+05:30	4	Renewable Energy Project in Meghalaya	3		9	1
132	2025-05-05 16:58:46.070462+05:30	3	Renewable Energy Project in Punjab	3		9	1
133	2025-05-05 16:59:12.215411+05:30	92	Green Technology Project in Assam	3		9	1
134	2025-05-05 16:59:12.215447+05:30	75	Clean Transportation Project in Jharkhand	3		9	1
135	2025-05-05 16:59:12.215465+05:30	57	Sustainable Agriculture Project in Bihar	3		9	1
136	2025-05-05 16:59:12.215481+05:30	32	Emission Control Project in Nagaland	3		9	1
137	2025-05-05 16:59:46.494413+05:30	88	Waste Management Project in Nagaland	3		9	1
138	2025-05-05 16:59:46.494445+05:30	87	Waste Management Project in Odisha	3		9	1
139	2025-05-05 16:59:46.494464+05:30	61	Sustainable Agriculture Project in Odisha	3		9	1
140	2025-05-05 16:59:46.494481+05:30	59	Sustainable Agriculture Project in Sikkim	3		9	1
141	2025-05-05 16:59:46.494496+05:30	48	Reforestation Project in Odisha	3		9	1
142	2025-05-05 16:59:46.494511+05:30	44	Water Conservation Project in Bihar	3		9	1
143	2025-05-05 16:59:46.494525+05:30	30	Emission Control Project in Meghalaya	3		9	1
144	2025-05-05 16:59:46.494539+05:30	29	Emission Control Project in Uttarakhand	3		9	1
145	2025-05-05 16:59:46.494558+05:30	25	Emission Control Project in Himachal Pradesh	3		9	1
146	2025-05-05 16:59:46.494573+05:30	22	Recycling Project in Karnataka	3		9	1
147	2025-05-05 16:59:46.494587+05:30	19	Recycling Project in Goa	3		9	1
148	2025-05-05 16:59:46.494601+05:30	9	Renewable Energy Project in Tripura	3		9	1
149	2025-05-05 16:59:46.494614+05:30	2	Renewable Energy Project in Punjab	3		9	1
150	2025-05-05 16:59:46.494628+05:30	1	Renewable Energy Project in Andhra Pradesh	3		9	1
151	2025-05-05 17:00:20.386096+05:30	90	Green Technology Project in Odisha	3		9	1
152	2025-05-05 17:00:20.386128+05:30	82	Waste Management Project in Assam	3		9	1
153	2025-05-05 17:00:20.386148+05:30	80	Waste Management Project in Andhra Pradesh	3		9	1
154	2025-05-05 17:00:20.386164+05:30	78	Waste Management Project in Arunachal Pradesh	3		9	1
155	2025-05-05 17:00:20.386179+05:30	69	Clean Transportation Project in Punjab	3		9	1
156	2025-05-05 17:00:20.386196+05:30	68	Clean Transportation Project in Punjab	3		9	1
157	2025-05-05 17:00:20.386211+05:30	64	Sustainable Agriculture Project in Manipur	3		9	1
158	2025-05-05 17:00:20.386225+05:30	47	Reforestation Project in Bihar	3		9	1
159	2025-05-05 17:00:20.386239+05:30	39	Water Conservation Project in Uttar Pradesh	3		9	1
160	2025-05-05 17:00:20.386252+05:30	37	Water Conservation Project in Andhra Pradesh	3		9	1
161	2025-05-05 17:00:20.386266+05:30	33	Emission Control Project in Nagaland	3		9	1
162	2025-05-05 17:00:20.38628+05:30	31	Emission Control Project in Meghalaya	3		9	1
163	2025-05-05 17:00:20.386293+05:30	27	Emission Control Project in Rajasthan	3		9	1
164	2025-05-05 17:00:20.386307+05:30	26	Emission Control Project in Rajasthan	3		9	1
165	2025-05-05 17:00:20.386321+05:30	24	Emission Control Project in Himachal Pradesh	3		9	1
166	2025-05-05 17:00:20.386334+05:30	17	Recycling Project in Haryana	3		9	1
167	2025-05-05 17:00:20.386347+05:30	10	Renewable Energy Project in Kerala	3		9	1
168	2025-05-05 17:00:20.386361+05:30	8	Renewable Energy Project in Tripura	3		9	1
169	2025-05-05 17:00:20.386375+05:30	6	Renewable Energy Project in Rajasthan	3		9	1
170	2025-05-05 17:00:42.624237+05:30	108	Ocean Conservation Project in Tamil Nadu	2	[{"changed": {"fields": ["Current amount"]}}]	9	1
171	2025-05-05 17:00:52.109024+05:30	98	Ocean Conservation Project in Kerala	2	[{"changed": {"fields": ["Current amount"]}}]	9	1
172	2025-05-05 17:01:05.54799+05:30	91	Green Technology Project in Odisha	2	[{"changed": {"fields": ["Current amount"]}}]	9	1
173	2025-05-05 17:01:13.594107+05:30	83	Waste Management Project in Assam	2	[{"changed": {"fields": ["Current amount"]}}]	9	1
174	2025-05-05 17:01:21.926121+05:30	53	Reforestation Project in Kerala	2	[{"changed": {"fields": ["Current amount"]}}]	9	1
175	2025-05-05 17:01:30.083563+05:30	5	Renewable Energy Project in Meghalaya	2	[{"changed": {"fields": ["Current amount"]}}]	9	1
176	2025-05-05 17:01:37.755844+05:30	55	Reforestation Project in Himachal Pradesh	2	[{"changed": {"fields": ["Current amount"]}}]	9	1
177	2025-05-05 17:01:46.645167+05:30	71	Clean Transportation Project in Telangana	2	[{"changed": {"fields": ["Current amount"]}}]	9	1
178	2025-05-05 17:02:48.253582+05:30	98	Ocean Conservation Project in Kerala	2	[{"changed": {"fields": ["Current amount"]}}]	9	1
179	2025-05-05 23:32:21.478916+05:30	109	Ocean Conservation Project	2	[{"changed": {"fields": ["Title", "Description"]}}]	9	1
180	2025-05-05 23:32:34.844661+05:30	108	Ocean Conservation Project	2	[{"changed": {"fields": ["Title", "Description"]}}]	9	1
181	2025-05-05 23:32:41.944002+05:30	5	Renewable Energy Project	2	[{"changed": {"fields": ["Title"]}}]	9	1
182	2025-05-05 23:32:48.374386+05:30	7	Renewable Energy Project	2	[{"changed": {"fields": ["Title"]}}]	9	1
183	2025-05-05 23:33:04.988447+05:30	11	Renewable Energy Project	2	[{"changed": {"fields": ["Title"]}}]	9	1
184	2025-05-05 23:33:11.835189+05:30	13	Recycling Project	2	[{"changed": {"fields": ["Title"]}}]	9	1
185	2025-05-05 23:33:18.408684+05:30	14	Recycling Project	2	[{"changed": {"fields": ["Title"]}}]	9	1
186	2025-05-05 23:33:24.736039+05:30	15	Recycling Project	2	[{"changed": {"fields": ["Title"]}}]	9	1
187	2025-05-05 23:33:31.032945+05:30	16	Recycling Project	2	[{"changed": {"fields": ["Title"]}}]	9	1
188	2025-05-05 23:33:37.512244+05:30	21	Recycling Project	2	[{"changed": {"fields": ["Title"]}}]	9	1
189	2025-05-05 23:33:43.614406+05:30	23	Emission Control Project	2	[{"changed": {"fields": ["Title"]}}]	9	1
190	2025-05-05 23:33:54.336921+05:30	28	Emission Control Project	2	[{"changed": {"fields": ["Title"]}}]	9	1
191	2025-05-05 23:34:01.47858+05:30	34	Emission Control Project	2	[{"changed": {"fields": ["Title"]}}]	9	1
192	2025-05-05 23:34:07.782408+05:30	35	Emission Control Project	2	[{"changed": {"fields": ["Title"]}}]	9	1
193	2025-05-05 23:34:14.696593+05:30	40	Water Conservation Project	2	[{"changed": {"fields": ["Title"]}}]	9	1
194	2025-05-05 23:34:20.904151+05:30	41	Water Conservation Project	2	[{"changed": {"fields": ["Title"]}}]	9	1
195	2025-05-05 23:34:26.554831+05:30	42	Water Conservation Project	2	[{"changed": {"fields": ["Title"]}}]	9	1
196	2025-05-05 23:34:32.113184+05:30	95	Green Technology Project	2	[{"changed": {"fields": ["Title"]}}]	9	1
197	2025-05-05 23:34:38.278826+05:30	99	Ocean Conservation Project	2	[{"changed": {"fields": ["Title"]}}]	9	1
198	2025-05-05 23:34:46.742484+05:30	98	Ocean Conservation Project	2	[{"changed": {"fields": ["Title"]}}]	9	1
199	2025-05-05 23:34:52.624297+05:30	97	Green Technology Project	2	[{"changed": {"fields": ["Title"]}}]	9	1
200	2025-05-05 23:34:59.144666+05:30	96	Green Technology Project	2	[{"changed": {"fields": ["Title"]}}]	9	1
201	2025-05-05 23:35:05.626797+05:30	94	Green Technology Project	2	[{"changed": {"fields": ["Title"]}}]	9	1
202	2025-05-05 23:35:12.81366+05:30	91	Green Technology Project	2	[{"changed": {"fields": ["Title"]}}]	9	1
203	2025-05-05 23:35:27.755877+05:30	45	Water Conservation Project	2	[{"changed": {"fields": ["Title"]}}]	9	1
204	2025-05-05 23:35:34.242542+05:30	46	Reforestation Project	2	[{"changed": {"fields": ["Title"]}}]	9	1
205	2025-05-05 23:35:40.387442+05:30	50	Reforestation Project	2	[{"changed": {"fields": ["Title"]}}]	9	1
206	2025-05-05 23:35:47.656598+05:30	51	Reforestation Project	2	[{"changed": {"fields": ["Title"]}}]	9	1
207	2025-05-05 23:35:56.52731+05:30	52	Reforestation Project	2	[{"changed": {"fields": ["Title"]}}]	9	1
208	2025-05-05 23:36:03.990283+05:30	53	Reforestation Project	2	[{"changed": {"fields": ["Title"]}}]	9	1
209	2025-05-05 23:36:09.487461+05:30	89	Green Technology Project	2	[{"changed": {"fields": ["Title"]}}]	9	1
210	2025-05-05 23:36:16.063696+05:30	55	Reforestation Project	2	[{"changed": {"fields": ["Title"]}}]	9	1
211	2025-05-05 23:36:23.799092+05:30	56	Reforestation Project	2	[{"changed": {"fields": ["Title"]}}]	9	1
212	2025-05-05 23:36:33.262053+05:30	58	Sustainable Agriculture Project	2	[{"changed": {"fields": ["Title"]}}]	9	1
213	2025-05-05 23:36:42.462228+05:30	62	Sustainable Agriculture Project	2	[{"changed": {"fields": ["Title"]}}]	9	1
214	2025-05-05 23:36:47.446897+05:30	86	Waste Management Project	2	[{"changed": {"fields": ["Title"]}}]	9	1
215	2025-05-05 23:36:52.572085+05:30	85	Waste Management Project	2	[{"changed": {"fields": ["Title"]}}]	9	1
216	2025-05-05 23:38:33.758738+05:30	84	Waste Management Project	2	[{"changed": {"fields": ["Title"]}}]	9	1
217	2025-05-05 23:39:13.22571+05:30	83	Waste Management Project	2	[{"changed": {"fields": ["Title"]}}]	9	1
218	2025-05-05 23:39:19.505632+05:30	81	Waste Management Project	2	[{"changed": {"fields": ["Title"]}}]	9	1
219	2025-05-05 23:39:26.619729+05:30	79	Waste Management Project	2	[{"changed": {"fields": ["Title"]}}]	9	1
220	2025-05-05 23:39:33.800851+05:30	77	Clean Transportation Project	2	[{"changed": {"fields": ["Title"]}}]	9	1
221	2025-05-05 23:39:39.76761+05:30	73	Clean Transportation Project	2	[{"changed": {"fields": ["Title"]}}]	9	1
222	2025-05-05 23:39:46.311283+05:30	71	Clean Transportation Project	2	[{"changed": {"fields": ["Title"]}}]	9	1
223	2025-05-05 23:39:51.978351+05:30	70	Clean Transportation Project	2	[{"changed": {"fields": ["Title"]}}]	9	1
224	2025-05-05 23:39:59.07149+05:30	63	Sustainable Agriculture Project	2	[{"changed": {"fields": ["Title"]}}]	9	1
225	2025-05-05 23:40:06.785012+05:30	65	Sustainable Agriculture Project	2	[{"changed": {"fields": ["Title"]}}]	9	1
226	2025-05-05 23:40:13.050974+05:30	67	Clean Transportation Project	2	[{"changed": {"fields": ["Title"]}}]	9	1
227	2025-05-05 23:40:21.488523+05:30	66	Sustainable Agriculture Project	2	[{"changed": {"fields": ["Title"]}}]	9	1
228	2025-05-12 11:26:00.655479+05:30	112	Solar farm in mangalore	1	[{"added": {}}]	9	1
229	2025-05-24 14:33:06.163524+05:30	112	Solar farm in mangalore	3		9	1
\.


--
-- Data for Name: django_content_type; Type: TABLE DATA; Schema: public; Owner: -
--

COPY public.django_content_type (id, app_label, model) FROM stdin;
1	admin	logentry
2	auth	permission
3	auth	group
4	contenttypes	contenttype
5	sessions	session
6	users	customuser
7	users	profile
8	initiatives	category
9	initiatives	initiative
10	investments	investment
11	investments	investmentgoal
12	onboarding	onboardingprogress
13	onboarding	userpreference
\.


--
-- Data for Name: django_migrations; Type: TABLE DATA; Schema: public; Owner: -
--

COPY public.django_migrations (id, app, name, applied) FROM stdin;
1	contenttypes	0001_initial	2025-05-05 13:21:25.174202+05:30
2	contenttypes	0002_remove_content_type_name	2025-05-05 13:21:25.180247+05:30
3	auth	0001_initial	2025-05-05 13:21:25.211837+05:30
4	auth	0002_alter_permission_name_max_length	2025-05-05 13:21:25.215783+05:30
5	auth	0003_alter_user_email_max_length	2025-05-05 13:21:25.219343+05:30
6	auth	0004_alter_user_username_opts	2025-05-05 13:21:25.223253+05:30
7	auth	0005_alter_user_last_login_null	2025-05-05 13:21:25.227728+05:30
8	auth	0006_require_contenttypes_0002	2025-05-05 13:21:25.228875+05:30
9	auth	0007_alter_validators_add_error_messages	2025-05-05 13:21:25.233233+05:30
10	auth	0008_alter_user_username_max_length	2025-05-05 13:21:25.237363+05:30
11	auth	0009_alter_user_last_name_max_length	2025-05-05 13:21:25.241522+05:30
12	auth	0010_alter_group_name_max_length	2025-05-05 13:21:25.247188+05:30
13	auth	0011_update_proxy_permissions	2025-05-05 13:21:25.25158+05:30
14	auth	0012_alter_user_first_name_max_length	2025-05-05 13:21:25.255562+05:30
15	users	0001_initial	2025-05-05 13:21:25.305359+05:30
16	admin	0001_initial	2025-05-05 13:21:25.322143+05:30
17	admin	0002_logentry_remove_auto_add	2025-05-05 13:21:25.327744+05:30
18	admin	0003_logentry_add_action_flag_choices	2025-05-05 13:21:25.333527+05:30
19	initiatives	0001_initial	2025-05-05 13:21:25.346993+05:30
20	investments	0001_initial	2025-05-05 13:21:25.357442+05:30
21	investments	0002_initial	2025-05-05 13:21:25.367647+05:30
22	initiatives	0002_alter_category_name	2025-05-05 13:21:25.370163+05:30
23	initiatives	0003_alter_category_name	2025-05-05 13:21:25.372578+05:30
24	initiatives	0004_initiative_duration_months	2025-05-05 13:21:25.379034+05:30
25	initiatives	0005_initiative_project_scale	2025-05-05 13:21:25.384534+05:30
26	initiatives	0006_initiative_location_initiative_technology_type	2025-05-05 13:21:25.391499+05:30
27	initiatives	0007_company	2025-05-05 13:21:25.41237+05:30
28	investments	0003_investment_company_alter_investment_initiative	2025-05-05 13:21:25.441736+05:30
29	investments	0004_investment_shares_purchased	2025-05-05 13:21:25.450694+05:30
30	investments	0005_remove_investment_company_and_more	2025-05-05 13:21:25.471136+05:30
31	initiatives	0008_remove_company_current_funding_and_more	2025-05-05 13:21:25.494865+05:30
32	initiatives	0009_remove_company_category_remove_initiative_category_and_more	2025-05-05 13:21:25.553261+05:30
33	initiatives	0010_remove_company_technology_type	2025-05-05 13:21:25.558638+05:30
34	initiatives	0011_alter_category_name	2025-05-05 13:21:25.572532+05:30
35	initiatives	0012_delete_company	2025-05-05 13:21:25.576906+05:30
36	initiatives	0013_alter_initiative_options_initiative_carbon_impact_and_more	2025-05-05 13:21:25.6217+05:30
37	initiatives	0014_remove_initiative_technology_type_and_more	2025-05-05 13:21:25.691122+05:30
38	initiatives	0015_initiative_technology_type_alter_initiative_location_and_more	2025-05-05 13:21:25.709643+05:30
39	initiatives	0016_alter_initiative_location	2025-05-05 13:21:25.715245+05:30
40	investments	0006_investmentgoal	2025-05-05 13:21:25.731313+05:30
41	investments	0007_rename_carbon_reduced_investment_carbon_impact_and_more	2025-05-05 13:21:25.791777+05:30
42	investments	0008_recalculate_impacts	2025-05-05 13:21:25.846105+05:30
43	onboarding	0001_initial	2025-05-05 13:21:25.886805+05:30
44	sessions	0001_initial	2025-05-05 13:21:25.893087+05:30
45	users	0002_customuser_phone_number_profile_address_line1_and_more	2025-05-05 13:21:25.977558+05:30
46	users	0003_remove_customuser_phone_number_and_more	2025-05-05 13:21:26.063883+05:30
47	users	0004_profile_address_line1_profile_address_line2_and_more	2025-05-05 13:21:26.130593+05:30
\.


--
-- Data for Name: django_session; Type: TABLE DATA; Schema: public; Owner: -
--

COPY public.django_session (session_key, session_data, expire_date) FROM stdin;
3qo4c1zc7wlv643n16h41p4tvugd7icc	.eJxVjEEOwiAQRe_C2hAoUEaX7nsGMgODVA0kpV0Z765NutDtf-_9lwi4rSVsnZcwJ3ERWpx-N8L44LqDdMd6azK2ui4zyV2RB-1yaomf18P9OyjYy7d2ziaA7PQZbVTOAyfIZvBgeFQY2RuKkS1lsoTOa8iKYDBqJDbWJCveH-OFOAc:1uCaff:_1k0uNCZzEnDpHKT0VnP8NPqBHok2nh9s-M6AjKM94E	2025-05-21 14:32:31.252383+05:30
lohm7ebslfoz4r90erh13ufep353fe43	.eJxVjEEOwiAQRe_C2hAYKASX7j0DmTKDVA0kpV013t026UK3_733NxFxXUpcO89xInEVRlx-txHTi-sB6In10WRqdZmnUR6KPGmX90b8vp3u30HBXvZa5Zy9smwtZTWA4RS012SCA3IqeI-Ag0bwjgE0k7UZIBmb1S6QAvH5AtMFNzE:1uH2Oa:AHr-q82heqIFDZoGu85LesXCe63dkt_DcfbW3Yr8CKg	2025-06-02 20:57:16.722781+05:30
t1f2ap36max1le6tnhsq80fxhjzi0yn3	.eJxVjEEOwiAQRe_C2hAoUEaX7nsGMgODVA0kpV0Z765NutDtf-_9lwi4rSVsnZcwJ3ERWpx-N8L44LqDdMd6azK2ui4zyV2RB-1yaomf18P9OyjYy7d2ziaA7PQZbVTOAyfIZvBgeFQY2RuKkS1lsoTOa8iKYDBqJDbWJCveH-OFOAc:1uIkmK:B9mBZS5cawPBQMO8Twq64q7yVG3ZpngUBzvhl8Gn1ag	2025-06-07 14:32:52.575015+05:30
\.


--
-- Data for Name: initiatives_category; Type: TABLE DATA; Schema: public; Owner: -
--

COPY public.initiatives_category (id, name, description) FROM stdin;
1	Renewable Energy	Projects focused on solar, wind, and hydro power.
2	Recycling	Initiatives to reduce, reuse, and recycle materials.
3	Emission Control	Projects to reduce harmful emissions and air pollution.
4	Water Conservation	Initiatives to reduce water waste and improve efficiency.
5	Reforestation	Efforts to plant trees and restore forest ecosystems.
6	Sustainable Agriculture	Farming practices that protect the environment and food security.
7	Clean Transportation	Promoting electric vehicles and eco-friendly transport.
8	Waste Management	Systems for proper disposal and processing of waste.
9	Green Technology	Innovative tech for sustainability.
10	Ocean Conservation	Projects to protect marine ecosystems and reduce pollution.
\.


--
-- Data for Name: initiatives_initiative; Type: TABLE DATA; Schema: public; Owner: -
--

COPY public.initiatives_initiative (id, title, description, image, goal_amount, current_amount, status, created_at, updated_at, duration_months, project_scale, location, carbon_impact, energy_impact, water_impact, carbon_reduction_per_investment, energy_savings_per_investment, max_investment, min_investment, risk_level, roi_estimate, water_savings_per_investment, technology_type) FROM stdin;
5	Renewable Energy Project	A sustainable Renewable Energy initiative in Meghalaya to promote environmental conservation.	initiatives/re_Na1ktqU.jpeg	684564.00	684564.00	funded	2025-05-05 14:21:46.162917+05:30	2025-05-05 23:32:41.942442+05:30	8	5	Meghalaya	0	0	0	0	0	342282.00	5000.00	low	5.00	0	Hydro
14	Recycling Project	A sustainable Recycling initiative in Telangana to promote environmental conservation.	initiatives/recycle_prZ3Hqo.jpeg	199997.00	0.00	completed	2025-05-05 14:21:46.178455+05:30	2025-05-05 23:33:18.407146+05:30	27	4	Telangana	0	0	0	0	0	99998.00	5000.00	low	14.00	0	Chemical
15	Recycling Project	A sustainable Recycling initiative in Tamil Nadu to promote environmental conservation.	initiatives/recycle_cumBpGY.jpeg	377566.00	0.00	draft	2025-05-05 14:21:46.180004+05:30	2025-05-05 23:33:24.734307+05:30	19	3	Tamil Nadu	0	0	0	0	0	188783.00	5000.00	high	7.00	0	Chemical
16	Recycling Project	A sustainable Recycling initiative in Haryana to promote environmental conservation.	initiatives/recycle_vdCjQ6b.jpeg	105678.00	0.00	active	2025-05-05 14:21:46.18155+05:30	2025-05-05 23:33:31.030939+05:30	20	2	Haryana	0	0	0	0	0	52839.00	5000.00	medium	13.00	0	Manual
21	Recycling Project	A sustainable Recycling initiative in Bihar to promote environmental conservation.	initiatives/recycle_MCdKolW.jpeg	1710696.00	0.00	active	2025-05-05 14:21:46.188774+05:30	2025-05-05 23:33:37.510785+05:30	13	4	Bihar	0	0	0	0	0	855348.00	5000.00	medium	14.00	0	Manual
23	Emission Control Project	A sustainable Emission Control initiative in Telangana to promote environmental conservation.	initiatives/Emission_Control_nMEljfJ.jpeg	275684.00	0.00	completed	2025-05-05 14:21:46.191389+05:30	2025-05-05 23:33:43.612691+05:30	14	5	Telangana	0	0	0	0	0	137842.00	5000.00	low	11.00	0	Mechanical
7	Renewable Energy Project	A sustainable Renewable Energy initiative in Mizoram to promote environmental conservation.	initiatives/re_evF3np7.jpeg	410835.00	50000.00	active	2025-05-05 14:21:46.165715+05:30	2025-05-24 14:34:48.164644+05:30	30	5	Mizoram	0	0	0	0	0	205417.00	5000.00	high	12.00	0	Wind
28	Emission Control Project	A sustainable Emission Control initiative in Uttarakhand to promote environmental conservation.	initiatives/Emission_Control_5EMaMJN.jpeg	187113.00	0.00	active	2025-05-05 14:21:46.199562+05:30	2025-05-05 23:33:54.335246+05:30	21	4	Uttarakhand	0	0	0	0	0	93556.00	5000.00	high	9.00	0	Mechanical
34	Emission Control Project	A sustainable Emission Control initiative in Madhya Pradesh to promote environmental conservation.	initiatives/Emission_Control_OFrwzYF.jpeg	480486.00	0.00	active	2025-05-05 14:21:46.208954+05:30	2025-05-05 23:34:01.476838+05:30	6	2	Madhya Pradesh	0	0	0	0	0	240243.00	5000.00	medium	14.00	0	Chemical
40	Water Conservation Project	A sustainable Water Conservation initiative in Uttar Pradesh to promote environmental conservation.	initiatives/Water_Conserv_eaKEcPB.jpeg	902270.00	0.00	completed	2025-05-05 14:21:46.217675+05:30	2025-05-05 23:34:14.695046+05:30	14	4	Uttar Pradesh	0	0	0	0	0	451135.00	5000.00	low	14.00	0	Mechanical
41	Water Conservation Project	A sustainable Water Conservation initiative in Karnataka to promote environmental conservation.	initiatives/Water_Conserv_d1XEsTN.jpeg	959523.00	0.00	active	2025-05-05 14:21:46.218952+05:30	2025-05-05 23:34:20.90195+05:30	31	5	Karnataka	0	0	0	0	0	479761.00	5000.00	high	12.00	0	Manual
45	Water Conservation Project	A sustainable Water Conservation initiative in Bihar to promote environmental conservation.	initiatives/Water_Conserv.jpeg	848234.00	0.00	completed	2025-05-05 14:21:46.224966+05:30	2025-05-05 23:35:27.753776+05:30	25	5	Bihar	0	0	0	0	0	424117.00	5000.00	medium	5.00	0	Manual
46	Reforestation Project	A sustainable Reforestation initiative in Meghalaya to promote environmental conservation.	initiatives/Reforestation_aXmlvGz.jpeg	1188043.00	0.00	active	2025-05-05 14:21:46.226159+05:30	2025-05-05 23:35:34.240973+05:30	13	1	Meghalaya	0	0	0	0	0	594021.00	5000.00	medium	15.00	0	Organic
51	Reforestation Project	A sustainable Reforestation initiative in Karnataka to promote environmental conservation.	initiatives/Reforestation_LCnRgAG.jpeg	1352372.00	0.00	completed	2025-05-05 14:21:46.23358+05:30	2025-05-05 23:35:47.654766+05:30	8	2	Karnataka	0	0	0	0	0	676186.00	5000.00	low	8.00	0	Manual
67	Clean Transportation Project	A sustainable Clean Transportation initiative in Maharashtra to promote environmental conservation.	initiatives/Clean_Transportation_tPUPoS4.jpeg	1247638.00	0.00	active	2025-05-05 14:21:46.262672+05:30	2025-05-05 23:40:13.049234+05:30	26	1	Maharashtra	0	0	0	0	0	623819.00	5000.00	high	5.00	0	EV
58	Sustainable Agriculture Project	A sustainable Sustainable Agriculture initiative in Maharashtra to promote environmental conservation.	initiatives/Sustainable_Agriculture_nyhptwE.jpeg	323962.00	5000.00	active	2025-05-05 14:21:46.245667+05:30	2025-05-07 10:57:31.259878+05:30	25	2	Maharashtra	0	0	0	0	0	161981.00	5000.00	high	5.00	0	Manual
52	Reforestation Project	A sustainable Reforestation initiative in Karnataka to promote environmental conservation.	initiatives/Reforestation_Bxpn4Mn.jpeg	1288856.00	0.00	active	2025-05-05 14:21:46.235315+05:30	2025-05-05 23:35:56.525817+05:30	23	3	Karnataka	0	0	0	0	0	644428.00	5000.00	high	10.00	0	Manual
53	Reforestation Project	A sustainable Reforestation initiative in Kerala to promote environmental conservation.	initiatives/Reforestation_F47uFuw.jpeg	775580.00	775580.00	funded	2025-05-05 14:21:46.237124+05:30	2025-05-05 23:36:03.988653+05:30	12	5	Kerala	0	0	0	0	0	387790.00	5000.00	low	12.00	0	Manual
55	Reforestation Project	A sustainable Reforestation initiative in Himachal Pradesh to promote environmental conservation.	initiatives/Reforestation_aTR6x9f.jpeg	757160.00	757160.00	funded	2025-05-05 14:21:46.240238+05:30	2025-05-05 23:36:16.062139+05:30	8	5	Himachal Pradesh	0	0	0	0	0	378580.00	5000.00	high	7.00	0	Organic
62	Sustainable Agriculture Project	A sustainable Sustainable Agriculture initiative in Odisha to promote environmental conservation.	initiatives/Sustainable_Agriculture_8VFrHyR.jpeg	868153.00	0.00	active	2025-05-05 14:21:46.253338+05:30	2025-05-05 23:36:42.460619+05:30	35	5	Odisha	0	0	0	0	0	434076.00	5000.00	high	7.00	0	Manual
73	Clean Transportation Project	A sustainable Clean Transportation initiative in Tripura to promote environmental conservation.	initiatives/Clean_Transportation_2BdUQNY.jpeg	775322.00	0.00	active	2025-05-05 14:21:46.274338+05:30	2025-05-05 23:39:39.765865+05:30	25	4	Tripura	0	0	0	0	0	387661.00	5000.00	medium	15.00	0	EV
63	Sustainable Agriculture Project	A sustainable Sustainable Agriculture initiative in Manipur to promote environmental conservation.	initiatives/Sustainable_Agriculture_Whvth6r.jpeg	1361024.00	0.00	active	2025-05-05 14:21:46.25474+05:30	2025-05-05 23:39:59.069905+05:30	26	1	Manipur	0	0	0	0	0	680512.00	5000.00	medium	8.00	0	Organic
65	Sustainable Agriculture Project	A sustainable Sustainable Agriculture initiative in Madhya Pradesh to promote environmental conservation.	initiatives/Sustainable_Agriculture_WW3RDvx.jpeg	367896.00	0.00	completed	2025-05-05 14:21:46.258953+05:30	2025-05-05 23:40:06.783224+05:30	26	1	Madhya Pradesh	0	0	0	0	0	183948.00	5000.00	medium	10.00	0	Organic
70	Clean Transportation Project	A sustainable Clean Transportation initiative in Telangana to promote environmental conservation.	initiatives/Clean_Transportation_gf8nrd5.jpeg	1251762.00	5000.00	active	2025-05-05 14:21:46.269032+05:30	2025-05-07 10:58:12.010849+05:30	8	5	Telangana	0	0	0	0	0	625881.00	5000.00	medium	5.00	0	Biofuel
85	Waste Management Project	A sustainable Waste Management initiative in Maharashtra to promote environmental conservation.	initiatives/Waste_management_DOVANup.jpeg	920243.00	0.00	active	2025-05-05 14:21:46.296715+05:30	2025-05-05 23:36:52.570534+05:30	19	1	Maharashtra	0	0	0	0	0	460121.00	5000.00	medium	11.00	0	Manual
99	Ocean Conservation Project	A sustainable Ocean Conservation initiative in Kerala to promote environmental conservation.	initiatives/OC_LW1qVAW.jpeg	1564391.00	0.00	completed	2025-05-05 14:21:46.323363+05:30	2025-05-05 23:34:38.277268+05:30	21	3	Kerala	0	0	0	0	0	782195.00	5000.00	low	11.00	0	Manual
98	Ocean Conservation Project	A sustainable Ocean Conservation initiative in Keralato promote environmental conservation.	initiatives/OC_IuyIokz.jpeg	1868260.00	1868260.00	funded	2025-05-05 14:21:46.321476+05:30	2025-05-05 23:34:46.740892+05:30	17	5	Kerala	0	0	0	0	0	934130.00	5000.00	low	11.00	0	Manual
97	Green Technology Project	A sustainable Green Technology initiative in Kerala to promote environmental conservation.	initiatives/Green_Technology.jpeg	366112.00	0.00	active	2025-05-05 14:21:46.318975+05:30	2025-05-05 23:34:52.622701+05:30	7	2	Kerala	0	0	0	0	0	183056.00	5000.00	low	8.00	0	Solar
94	Green Technology Project	A sustainable Green Technology initiative in Rajasthan to promote environmental conservation.	initiatives/Green_Technology_ffEyGal.jpeg	1849286.00	0.00	draft	2025-05-05 14:21:46.31421+05:30	2025-05-05 23:35:05.625356+05:30	17	1	Rajasthan	0	0	0	0	0	924643.00	5000.00	high	14.00	0	Mechanical
91	Green Technology Project	A sustainable Green Technology initiative in Odisha to promote environmental conservation.	initiatives/Green_Technology_1R3npP3.jpeg	418374.00	418374.00	funded	2025-05-05 14:21:46.308834+05:30	2025-05-05 23:35:12.812143+05:30	6	2	Odisha	0	0	0	0	0	209187.00	5000.00	low	10.00	0	AI
89	Green Technology Project	A sustainable Green Technology initiative in Telangana to promote environmental conservation.	initiatives/Green_Technology_wWrBXmL.jpeg	204848.00	0.00	completed	2025-05-05 14:21:46.304286+05:30	2025-05-05 23:36:09.485877+05:30	12	4	Telangana	0	0	0	0	0	102424.00	5000.00	medium	7.00	0	Solar
86	Waste Management Project	A sustainable Waste Management initiative in Maharashtra to promote environmental conservation.	initiatives/Waste_management_1oO7qcO.jpeg	555246.00	0.00	draft	2025-05-05 14:21:46.299063+05:30	2025-05-05 23:36:47.445209+05:30	31	2	Maharashtra	0	0	0	0	0	277623.00	5000.00	medium	7.00	0	Chemical
84	Waste Management Project	A sustainable Waste Management initiative in Tripura to promote environmental conservation.	initiatives/Waste_management_5yczT1k.jpeg	206297.00	0.00	draft	2025-05-05 14:21:46.295274+05:30	2025-05-05 23:38:33.756595+05:30	26	1	Tripura	0	0	0	0	0	103148.00	5000.00	high	8.00	0	Manual
81	Waste Management Project	A sustainable Waste Management initiative in Andhra Pradesh to promote environmental conservation.	initiatives/Waste_management_9QR30IW.jpeg	1931327.00	0.00	draft	2025-05-05 14:21:46.2897+05:30	2025-05-05 23:39:19.50313+05:30	17	3	Andhra Pradesh	0	0	0	0	0	965663.00	5000.00	medium	6.00	0	Chemical
79	Waste Management Project	A sustainable Waste Management initiative in Arunachal Pradesh to promote environmental conservation.	initiatives/Waste_management_OLxwIhn.jpeg	1432104.00	0.00	completed	2025-05-05 14:21:46.286608+05:30	2025-05-05 23:39:26.618199+05:30	26	3	Arunachal Pradesh	0	0	0	0	0	716052.00	5000.00	high	13.00	0	Chemical
96	Green Technology Project	A sustainable Green Technology initiative in Kerala to promote environmental conservation.	initiatives/Green_Technology_m8bk8mJ.jpeg	323273.00	5000.00	active	2025-05-05 14:21:46.317397+05:30	2025-05-24 14:34:33.080612+05:30	16	5	Kerala	0	0	0	0	0	161636.00	5000.00	medium	12.00	0	Solar
66	Sustainable Agriculture Project	A sustainable Sustainable Agriculture initiative in Gujarat to promote environmental conservation.	initiatives/Sustainable_Agriculture.jpeg	1446972.00	0.00	active	2025-05-05 14:21:46.260683+05:30	2025-05-05 23:40:21.486593+05:30	16	5	Gujarat	0	0	0	0	0	723486.00	5000.00	medium	14.00	0	Organic
108	Ocean Conservation Project	A sustainable Ocean Conservation initiative in Tamil Nadu to promote environmental conservation.	initiatives/OC_tw5S01I.jpeg	213873.00	213873.00	funded	2025-05-05 14:21:46.339588+05:30	2025-05-05 23:32:34.843011+05:30	18	2	Tamil Nadu	0	0	0	0	0	106936.00	5000.00	medium	5.00	0	Manual
11	Renewable Energy Project	A sustainable Renewable Energy initiative in Goa to promote environmental conservation.	initiatives/re.jpeg	912052.00	0.00	draft	2025-05-05 14:21:46.173372+05:30	2025-05-05 23:33:04.98665+05:30	10	3	Goa	0	0	0	0	0	456026.00	5000.00	high	15.00	0	Hydro
13	Recycling Project	A sustainable Recycling initiative in Himachal Pradesh to promote environmental conservation.	initiatives/recycle_YDgEzTG.jpeg	1253805.00	0.00	completed	2025-05-05 14:21:46.177292+05:30	2025-05-05 23:33:11.832701+05:30	13	5	Himachal Pradesh	0	0	0	0	0	626902.00	5000.00	medium	7.00	0	Manual
35	Emission Control Project	A sustainable Emission Control initiative in Madhya Pradesh to promote environmental conservation.	initiatives/Emission_Control.jpeg	1064142.00	0.00	active	2025-05-05 14:21:46.210287+05:30	2025-05-05 23:34:07.780893+05:30	33	4	Madhya Pradesh	0	0	0	0	0	532071.00	5000.00	medium	8.00	0	Chemical
42	Water Conservation Project	A sustainable Water Conservation initiative in Karnataka to promote environmental conservation.	initiatives/Water_Conserv_l72G1Yd.jpeg	1398351.00	0.00	active	2025-05-05 14:21:46.220356+05:30	2025-05-05 23:34:26.552703+05:30	22	4	Karnataka	0	0	0	0	0	699175.00	5000.00	medium	12.00	0	Mechanical
50	Reforestation Project	A sustainable Reforestation initiative in Gujarat to promote environmental conservation.	initiatives/Reforestation_5QLNKRD.jpeg	1625818.00	0.00	draft	2025-05-05 14:21:46.232336+05:30	2025-05-05 23:35:40.385937+05:30	10	3	Gujarat	0	0	0	0	0	812909.00	5000.00	high	9.00	0	Manual
56	Reforestation Project	A sustainable Reforestation initiative in Himachal Pradesh to promote environmental conservation.	initiatives/Reforestation.jpeg	388955.00	0.00	active	2025-05-05 14:21:46.241847+05:30	2025-05-05 23:36:23.797679+05:30	19	4	Himachal Pradesh	0	0	0	0	0	194477.00	5000.00	medium	15.00	0	Organic
77	Clean Transportation Project	A sustainable Clean Transportation initiative in Haryana to promote environmental conservation.	initiatives/Clean_Transportation.jpeg	476478.00	0.00	draft	2025-05-05 14:21:46.282329+05:30	2025-05-05 23:39:33.79919+05:30	34	1	Haryana	0	0	0	0	0	238239.00	5000.00	low	8.00	0	EV
71	Clean Transportation Project	A sustainable Clean Transportation initiative in Telangana to promote environmental conservation.	initiatives/Clean_Transportation_VPy97VK.jpeg	1906064.00	1906064.00	funded	2025-05-05 14:21:46.270646+05:30	2025-05-05 23:39:46.308825+05:30	13	2	Telangana	0	0	0	0	0	953032.00	5000.00	low	5.00	0	Biofuel
109	Ocean Conservation Project	A sustainable Ocean Conservation initiative in Tamil Nadu to promote environmental conservation.	initiatives/OC.jpeg	802981.00	50000.00	active	2025-05-05 14:21:46.341532+05:30	2025-05-19 20:59:25.093581+05:30	17	4	Tamil Nadu	0	0	0	0	0	401490.00	5000.00	high	14.00	0	Mechanical
95	Green Technology Project	A sustainable Green Technology initiative in Rajasthan to promote environmental conservation.	initiatives/Green_Technology_bnVKWRQ.jpeg	1023197.00	0.00	active	2025-05-05 14:21:46.316085+05:30	2025-05-05 23:34:32.111521+05:30	34	1	Rajasthan	0	0	0	0	0	511598.00	5000.00	low	9.00	0	Solar
83	Waste Management Project	A sustainable Waste Management initiative in Assam to promote environmental conservation.	initiatives/Waste_management_m6bYWvf.jpeg	1224014.00	1224014.00	funded	2025-05-05 14:21:46.293561+05:30	2025-05-05 23:39:13.224015+05:30	8	5	Assam	0	0	0	0	0	612007.00	5000.00	high	13.00	0	Chemical
\.


--
-- Data for Name: initiatives_initiative_categories; Type: TABLE DATA; Schema: public; Owner: -
--

COPY public.initiatives_initiative_categories (id, initiative_id, category_id) FROM stdin;
5	5	1
7	7	1
11	11	1
13	13	2
14	14	2
15	15	2
16	16	2
21	21	2
23	23	3
28	28	3
34	34	3
35	35	3
40	40	4
41	41	4
42	42	4
45	45	4
46	46	5
50	50	5
51	51	5
52	52	5
53	53	5
55	55	5
56	56	5
58	58	6
62	62	6
63	63	6
65	65	6
66	66	6
67	67	7
70	70	7
71	71	7
73	73	7
77	77	7
79	79	8
81	81	8
83	83	8
84	84	8
85	85	8
86	86	8
89	89	9
91	91	9
94	94	9
95	95	9
96	96	9
97	97	9
98	98	10
99	99	10
108	108	10
109	109	10
\.


--
-- Data for Name: investments_investment; Type: TABLE DATA; Schema: public; Owner: -
--

COPY public.investments_investment (id, amount, carbon_impact, energy_impact, water_impact, created_at, initiative_id, user_id, updated_at) FROM stdin;
1	5000.00	8.82	0	14.41	2025-05-07 10:57:31.262509+05:30	58	2	2025-05-07 10:57:31.262516+05:30
2	5000.00	333.74	285.18	0	2025-05-07 10:58:12.013564+05:30	70	2	2025-05-07 10:58:12.013576+05:30
3	50000.00	258	0	1941.68	2025-05-19 20:59:25.096146+05:30	109	3	2025-05-19 20:59:25.09616+05:30
4	5000.00	275.1	376.72	86.75	2025-05-24 14:34:33.087584+05:30	96	3	2025-05-24 14:34:33.087594+05:30
5	50000.00	88.59	108.3	0	2025-05-24 14:34:48.167377+05:30	7	3	2025-05-24 14:34:48.167387+05:30
\.


--
-- Data for Name: investments_investmentgoal; Type: TABLE DATA; Schema: public; Owner: -
--

COPY public.investments_investmentgoal (id, goal_type, target_amount, target_carbon, target_energy, target_water, target_date, created_at, user_id) FROM stdin;
\.


--
-- Data for Name: onboarding_onboardingprogress; Type: TABLE DATA; Schema: public; Owner: -
--

COPY public.onboarding_onboardingprogress (id, welcome_completed, interests_completed, investment_profile_completed, tutorial_completed, completed_at, user_id) FROM stdin;
1	f	f	f	f	\N	1
2	t	t	t	t	2025-05-06 10:08:14.489454+05:30	2
3	t	t	t	t	2025-05-19 20:58:09.486188+05:30	3
\.


--
-- Data for Name: onboarding_userpreference; Type: TABLE DATA; Schema: public; Owner: -
--

COPY public.onboarding_userpreference (id, risk_tolerance, investment_timeframe, min_investment, max_investment, carbon_priority, water_priority, energy_priority, user_id) FROM stdin;
1	moderate	medium	1000.00	500000.00	5	5	5	2
2	high	short	1000.00	500000.00	5	5	5	3
\.


--
-- Data for Name: onboarding_userpreference_interested_categories; Type: TABLE DATA; Schema: public; Owner: -
--

COPY public.onboarding_userpreference_interested_categories (id, userpreference_id, category_id) FROM stdin;
1	1	3
2	1	4
3	1	5
4	1	6
5	1	8
6	2	8
7	2	1
8	2	9
\.


--
-- Data for Name: users_customuser; Type: TABLE DATA; Schema: public; Owner: -
--

COPY public.users_customuser (id, password, last_login, is_superuser, username, first_name, last_name, is_staff, is_active, date_joined, email) FROM stdin;
2	pbkdf2_sha256$1000000$ZOvZjNXWT70TwQ3PkVRD7O$4ElsH7xxBoPf85yti0lUBo+EqlDpBnqJQcexpu2LzMo=	2025-05-12 11:22:04.826598+05:30	f	adil	Mohammed Adil	Siraju	f	t	2025-05-06 10:07:30.795734+05:30	adilamanziya@gmail.com
3	pbkdf2_sha256$1000000$h0cL1tYJKEDoAoDpUdBQ03$8hwF3nDm13nYupc+6dD+RE6gCy/oVkLmeDAC2kUktsI=	2025-05-19 20:57:16.716549+05:30	f	alisahad	Ali	Sahad	f	t	2025-05-19 20:57:15.815429+05:30	alisahad@gmail.com
1	pbkdf2_sha256$1000000$WoSnIwLZyQbPaHiCHLIe4s$85OSxE8raAEzawgZSoaRTpF46Vf2KKzOp+E1e4HOZpk=	2025-05-24 14:32:52.568873+05:30	t	admin			t	t	2025-05-05 13:21:55.307358+05:30	admin@gmail.com
\.


--
-- Data for Name: users_customuser_groups; Type: TABLE DATA; Schema: public; Owner: -
--

COPY public.users_customuser_groups (id, customuser_id, group_id) FROM stdin;
\.


--
-- Data for Name: users_customuser_user_permissions; Type: TABLE DATA; Schema: public; Owner: -
--

COPY public.users_customuser_user_permissions (id, customuser_id, permission_id) FROM stdin;
\.


--
-- Data for Name: users_profile; Type: TABLE DATA; Schema: public; Owner: -
--

COPY public.users_profile (id, profile_image, carbon_reduced, energy_saved, water_conserved, user_id, address_line1, address_line2, bio, city, country, phone_number, postal_code, state) FROM stdin;
1		0	0	0	1	\N	\N	\N	\N	\N	\N	\N	\N
2		0	0	0	2			\N					
3		0	0	0	3			\N					
\.


--
-- Name: auth_group_id_seq; Type: SEQUENCE SET; Schema: public; Owner: -
--

SELECT pg_catalog.setval('public.auth_group_id_seq', 1, false);


--
-- Name: auth_group_permissions_id_seq; Type: SEQUENCE SET; Schema: public; Owner: -
--

SELECT pg_catalog.setval('public.auth_group_permissions_id_seq', 1, false);


--
-- Name: auth_permission_id_seq; Type: SEQUENCE SET; Schema: public; Owner: -
--

SELECT pg_catalog.setval('public.auth_permission_id_seq', 52, true);


--
-- Name: django_admin_log_id_seq; Type: SEQUENCE SET; Schema: public; Owner: -
--

SELECT pg_catalog.setval('public.django_admin_log_id_seq', 229, true);


--
-- Name: django_content_type_id_seq; Type: SEQUENCE SET; Schema: public; Owner: -
--

SELECT pg_catalog.setval('public.django_content_type_id_seq', 13, true);


--
-- Name: django_migrations_id_seq; Type: SEQUENCE SET; Schema: public; Owner: -
--

SELECT pg_catalog.setval('public.django_migrations_id_seq', 47, true);


--
-- Name: initiatives_category_id_seq; Type: SEQUENCE SET; Schema: public; Owner: -
--

SELECT pg_catalog.setval('public.initiatives_category_id_seq', 10, true);


--
-- Name: initiatives_initiative_categories_id_seq; Type: SEQUENCE SET; Schema: public; Owner: -
--

SELECT pg_catalog.setval('public.initiatives_initiative_categories_id_seq', 112, true);


--
-- Name: initiatives_initiative_id_seq; Type: SEQUENCE SET; Schema: public; Owner: -
--

SELECT pg_catalog.setval('public.initiatives_initiative_id_seq', 112, true);


--
-- Name: investments_investment_id_seq; Type: SEQUENCE SET; Schema: public; Owner: -
--

SELECT pg_catalog.setval('public.investments_investment_id_seq', 5, true);


--
-- Name: investments_investmentgoal_id_seq; Type: SEQUENCE SET; Schema: public; Owner: -
--

SELECT pg_catalog.setval('public.investments_investmentgoal_id_seq', 1, false);


--
-- Name: onboarding_onboardingprogress_id_seq; Type: SEQUENCE SET; Schema: public; Owner: -
--

SELECT pg_catalog.setval('public.onboarding_onboardingprogress_id_seq', 3, true);


--
-- Name: onboarding_userpreference_id_seq; Type: SEQUENCE SET; Schema: public; Owner: -
--

SELECT pg_catalog.setval('public.onboarding_userpreference_id_seq', 2, true);


--
-- Name: onboarding_userpreference_interested_categories_id_seq; Type: SEQUENCE SET; Schema: public; Owner: -
--

SELECT pg_catalog.setval('public.onboarding_userpreference_interested_categories_id_seq', 8, true);


--
-- Name: users_customuser_groups_id_seq; Type: SEQUENCE SET; Schema: public; Owner: -
--

SELECT pg_catalog.setval('public.users_customuser_groups_id_seq', 1, false);


--
-- Name: users_customuser_id_seq; Type: SEQUENCE SET; Schema: public; Owner: -
--

SELECT pg_catalog.setval('public.users_customuser_id_seq', 3, true);


--
-- Name: users_customuser_user_permissions_id_seq; Type: SEQUENCE SET; Schema: public; Owner: -
--

SELECT pg_catalog.setval('public.users_customuser_user_permissions_id_seq', 1, false);


--
-- Name: users_profile_id_seq; Type: SEQUENCE SET; Schema: public; Owner: -
--

SELECT pg_catalog.setval('public.users_profile_id_seq', 3, true);


--
-- Name: auth_group auth_group_name_key; Type: CONSTRAINT; Schema: public; Owner: -
--

ALTER TABLE ONLY public.auth_group
    ADD CONSTRAINT auth_group_name_key UNIQUE (name);


--
-- Name: auth_group_permissions auth_group_permissions_group_id_permission_id_0cd325b0_uniq; Type: CONSTRAINT; Schema: public; Owner: -
--

ALTER TABLE ONLY public.auth_group_permissions
    ADD CONSTRAINT auth_group_permissions_group_id_permission_id_0cd325b0_uniq UNIQUE (group_id, permission_id);


--
-- Name: auth_group_permissions auth_group_permissions_pkey; Type: CONSTRAINT; Schema: public; Owner: -
--

ALTER TABLE ONLY public.auth_group_permissions
    ADD CONSTRAINT auth_group_permissions_pkey PRIMARY KEY (id);


--
-- Name: auth_group auth_group_pkey; Type: CONSTRAINT; Schema: public; Owner: -
--

ALTER TABLE ONLY public.auth_group
    ADD CONSTRAINT auth_group_pkey PRIMARY KEY (id);


--
-- Name: auth_permission auth_permission_content_type_id_codename_01ab375a_uniq; Type: CONSTRAINT; Schema: public; Owner: -
--

ALTER TABLE ONLY public.auth_permission
    ADD CONSTRAINT auth_permission_content_type_id_codename_01ab375a_uniq UNIQUE (content_type_id, codename);


--
-- Name: auth_permission auth_permission_pkey; Type: CONSTRAINT; Schema: public; Owner: -
--

ALTER TABLE ONLY public.auth_permission
    ADD CONSTRAINT auth_permission_pkey PRIMARY KEY (id);


--
-- Name: django_admin_log django_admin_log_pkey; Type: CONSTRAINT; Schema: public; Owner: -
--

ALTER TABLE ONLY public.django_admin_log
    ADD CONSTRAINT django_admin_log_pkey PRIMARY KEY (id);


--
-- Name: django_content_type django_content_type_app_label_model_76bd3d3b_uniq; Type: CONSTRAINT; Schema: public; Owner: -
--

ALTER TABLE ONLY public.django_content_type
    ADD CONSTRAINT django_content_type_app_label_model_76bd3d3b_uniq UNIQUE (app_label, model);


--
-- Name: django_content_type django_content_type_pkey; Type: CONSTRAINT; Schema: public; Owner: -
--

ALTER TABLE ONLY public.django_content_type
    ADD CONSTRAINT django_content_type_pkey PRIMARY KEY (id);


--
-- Name: django_migrations django_migrations_pkey; Type: CONSTRAINT; Schema: public; Owner: -
--

ALTER TABLE ONLY public.django_migrations
    ADD CONSTRAINT django_migrations_pkey PRIMARY KEY (id);


--
-- Name: django_session django_session_pkey; Type: CONSTRAINT; Schema: public; Owner: -
--

ALTER TABLE ONLY public.django_session
    ADD CONSTRAINT django_session_pkey PRIMARY KEY (session_key);


--
-- Name: initiatives_category initiatives_category_name_11c1e281_uniq; Type: CONSTRAINT; Schema: public; Owner: -
--

ALTER TABLE ONLY public.initiatives_category
    ADD CONSTRAINT initiatives_category_name_11c1e281_uniq UNIQUE (name);


--
-- Name: initiatives_category initiatives_category_pkey; Type: CONSTRAINT; Schema: public; Owner: -
--

ALTER TABLE ONLY public.initiatives_category
    ADD CONSTRAINT initiatives_category_pkey PRIMARY KEY (id);


--
-- Name: initiatives_initiative_categories initiatives_initiative_c_initiative_id_category_i_9d73ad46_uniq; Type: CONSTRAINT; Schema: public; Owner: -
--

ALTER TABLE ONLY public.initiatives_initiative_categories
    ADD CONSTRAINT initiatives_initiative_c_initiative_id_category_i_9d73ad46_uniq UNIQUE (initiative_id, category_id);


--
-- Name: initiatives_initiative_categories initiatives_initiative_categories_pkey; Type: CONSTRAINT; Schema: public; Owner: -
--

ALTER TABLE ONLY public.initiatives_initiative_categories
    ADD CONSTRAINT initiatives_initiative_categories_pkey PRIMARY KEY (id);


--
-- Name: initiatives_initiative initiatives_initiative_pkey; Type: CONSTRAINT; Schema: public; Owner: -
--

ALTER TABLE ONLY public.initiatives_initiative
    ADD CONSTRAINT initiatives_initiative_pkey PRIMARY KEY (id);


--
-- Name: investments_investment investments_investment_pkey; Type: CONSTRAINT; Schema: public; Owner: -
--

ALTER TABLE ONLY public.investments_investment
    ADD CONSTRAINT investments_investment_pkey PRIMARY KEY (id);


--
-- Name: investments_investmentgoal investments_investmentgoal_pkey; Type: CONSTRAINT; Schema: public; Owner: -
--

ALTER TABLE ONLY public.investments_investmentgoal
    ADD CONSTRAINT investments_investmentgoal_pkey PRIMARY KEY (id);


--
-- Name: onboarding_onboardingprogress onboarding_onboardingprogress_pkey; Type: CONSTRAINT; Schema: public; Owner: -
--

ALTER TABLE ONLY public.onboarding_onboardingprogress
    ADD CONSTRAINT onboarding_onboardingprogress_pkey PRIMARY KEY (id);


--
-- Name: onboarding_onboardingprogress onboarding_onboardingprogress_user_id_key; Type: CONSTRAINT; Schema: public; Owner: -
--

ALTER TABLE ONLY public.onboarding_onboardingprogress
    ADD CONSTRAINT onboarding_onboardingprogress_user_id_key UNIQUE (user_id);


--
-- Name: onboarding_userpreference_interested_categories onboarding_userpreferenc_userpreference_id_catego_1236f589_uniq; Type: CONSTRAINT; Schema: public; Owner: -
--

ALTER TABLE ONLY public.onboarding_userpreference_interested_categories
    ADD CONSTRAINT onboarding_userpreferenc_userpreference_id_catego_1236f589_uniq UNIQUE (userpreference_id, category_id);


--
-- Name: onboarding_userpreference_interested_categories onboarding_userpreference_interested_categories_pkey; Type: CONSTRAINT; Schema: public; Owner: -
--

ALTER TABLE ONLY public.onboarding_userpreference_interested_categories
    ADD CONSTRAINT onboarding_userpreference_interested_categories_pkey PRIMARY KEY (id);


--
-- Name: onboarding_userpreference onboarding_userpreference_pkey; Type: CONSTRAINT; Schema: public; Owner: -
--

ALTER TABLE ONLY public.onboarding_userpreference
    ADD CONSTRAINT onboarding_userpreference_pkey PRIMARY KEY (id);


--
-- Name: onboarding_userpreference onboarding_userpreference_user_id_key; Type: CONSTRAINT; Schema: public; Owner: -
--

ALTER TABLE ONLY public.onboarding_userpreference
    ADD CONSTRAINT onboarding_userpreference_user_id_key UNIQUE (user_id);


--
-- Name: users_customuser users_customuser_email_key; Type: CONSTRAINT; Schema: public; Owner: -
--

ALTER TABLE ONLY public.users_customuser
    ADD CONSTRAINT users_customuser_email_key UNIQUE (email);


--
-- Name: users_customuser_groups users_customuser_groups_customuser_id_group_id_76b619e3_uniq; Type: CONSTRAINT; Schema: public; Owner: -
--

ALTER TABLE ONLY public.users_customuser_groups
    ADD CONSTRAINT users_customuser_groups_customuser_id_group_id_76b619e3_uniq UNIQUE (customuser_id, group_id);


--
-- Name: users_customuser_groups users_customuser_groups_pkey; Type: CONSTRAINT; Schema: public; Owner: -
--

ALTER TABLE ONLY public.users_customuser_groups
    ADD CONSTRAINT users_customuser_groups_pkey PRIMARY KEY (id);


--
-- Name: users_customuser users_customuser_pkey; Type: CONSTRAINT; Schema: public; Owner: -
--

ALTER TABLE ONLY public.users_customuser
    ADD CONSTRAINT users_customuser_pkey PRIMARY KEY (id);


--
-- Name: users_customuser_user_permissions users_customuser_user_pe_customuser_id_permission_7a7debf6_uniq; Type: CONSTRAINT; Schema: public; Owner: -
--

ALTER TABLE ONLY public.users_customuser_user_permissions
    ADD CONSTRAINT users_customuser_user_pe_customuser_id_permission_7a7debf6_uniq UNIQUE (customuser_id, permission_id);


--
-- Name: users_customuser_user_permissions users_customuser_user_permissions_pkey; Type: CONSTRAINT; Schema: public; Owner: -
--

ALTER TABLE ONLY public.users_customuser_user_permissions
    ADD CONSTRAINT users_customuser_user_permissions_pkey PRIMARY KEY (id);


--
-- Name: users_customuser users_customuser_username_key; Type: CONSTRAINT; Schema: public; Owner: -
--

ALTER TABLE ONLY public.users_customuser
    ADD CONSTRAINT users_customuser_username_key UNIQUE (username);


--
-- Name: users_profile users_profile_pkey; Type: CONSTRAINT; Schema: public; Owner: -
--

ALTER TABLE ONLY public.users_profile
    ADD CONSTRAINT users_profile_pkey PRIMARY KEY (id);


--
-- Name: users_profile users_profile_user_id_key; Type: CONSTRAINT; Schema: public; Owner: -
--

ALTER TABLE ONLY public.users_profile
    ADD CONSTRAINT users_profile_user_id_key UNIQUE (user_id);


--
-- Name: auth_group_name_a6ea08ec_like; Type: INDEX; Schema: public; Owner: -
--

CREATE INDEX auth_group_name_a6ea08ec_like ON public.auth_group USING btree (name varchar_pattern_ops);


--
-- Name: auth_group_permissions_group_id_b120cbf9; Type: INDEX; Schema: public; Owner: -
--

CREATE INDEX auth_group_permissions_group_id_b120cbf9 ON public.auth_group_permissions USING btree (group_id);


--
-- Name: auth_group_permissions_permission_id_84c5c92e; Type: INDEX; Schema: public; Owner: -
--

CREATE INDEX auth_group_permissions_permission_id_84c5c92e ON public.auth_group_permissions USING btree (permission_id);


--
-- Name: auth_permission_content_type_id_2f476e4b; Type: INDEX; Schema: public; Owner: -
--

CREATE INDEX auth_permission_content_type_id_2f476e4b ON public.auth_permission USING btree (content_type_id);


--
-- Name: django_admin_log_content_type_id_c4bce8eb; Type: INDEX; Schema: public; Owner: -
--

CREATE INDEX django_admin_log_content_type_id_c4bce8eb ON public.django_admin_log USING btree (content_type_id);


--
-- Name: django_admin_log_user_id_c564eba6; Type: INDEX; Schema: public; Owner: -
--

CREATE INDEX django_admin_log_user_id_c564eba6 ON public.django_admin_log USING btree (user_id);


--
-- Name: django_session_expire_date_a5c62663; Type: INDEX; Schema: public; Owner: -
--

CREATE INDEX django_session_expire_date_a5c62663 ON public.django_session USING btree (expire_date);


--
-- Name: django_session_session_key_c0390e0f_like; Type: INDEX; Schema: public; Owner: -
--

CREATE INDEX django_session_session_key_c0390e0f_like ON public.django_session USING btree (session_key varchar_pattern_ops);


--
-- Name: initiatives_category_name_11c1e281_like; Type: INDEX; Schema: public; Owner: -
--

CREATE INDEX initiatives_category_name_11c1e281_like ON public.initiatives_category USING btree (name varchar_pattern_ops);


--
-- Name: initiatives_initiative_categories_category_id_08fb4ea1; Type: INDEX; Schema: public; Owner: -
--

CREATE INDEX initiatives_initiative_categories_category_id_08fb4ea1 ON public.initiatives_initiative_categories USING btree (category_id);


--
-- Name: initiatives_initiative_categories_initiative_id_d38256d4; Type: INDEX; Schema: public; Owner: -
--

CREATE INDEX initiatives_initiative_categories_initiative_id_d38256d4 ON public.initiatives_initiative_categories USING btree (initiative_id);


--
-- Name: investments_investment_initiative_id_e3679f4a; Type: INDEX; Schema: public; Owner: -
--

CREATE INDEX investments_investment_initiative_id_e3679f4a ON public.investments_investment USING btree (initiative_id);


--
-- Name: investments_investment_user_id_0e0ca19d; Type: INDEX; Schema: public; Owner: -
--

CREATE INDEX investments_investment_user_id_0e0ca19d ON public.investments_investment USING btree (user_id);


--
-- Name: investments_investmentgoal_user_id_ea5e017d; Type: INDEX; Schema: public; Owner: -
--

CREATE INDEX investments_investmentgoal_user_id_ea5e017d ON public.investments_investmentgoal USING btree (user_id);


--
-- Name: onboarding_userpreference__category_id_ba303626; Type: INDEX; Schema: public; Owner: -
--

CREATE INDEX onboarding_userpreference__category_id_ba303626 ON public.onboarding_userpreference_interested_categories USING btree (category_id);


--
-- Name: onboarding_userpreference__userpreference_id_83100800; Type: INDEX; Schema: public; Owner: -
--

CREATE INDEX onboarding_userpreference__userpreference_id_83100800 ON public.onboarding_userpreference_interested_categories USING btree (userpreference_id);


--
-- Name: users_customuser_email_6445acef_like; Type: INDEX; Schema: public; Owner: -
--

CREATE INDEX users_customuser_email_6445acef_like ON public.users_customuser USING btree (email varchar_pattern_ops);


--
-- Name: users_customuser_groups_customuser_id_958147bf; Type: INDEX; Schema: public; Owner: -
--

CREATE INDEX users_customuser_groups_customuser_id_958147bf ON public.users_customuser_groups USING btree (customuser_id);


--
-- Name: users_customuser_groups_group_id_01390b14; Type: INDEX; Schema: public; Owner: -
--

CREATE INDEX users_customuser_groups_group_id_01390b14 ON public.users_customuser_groups USING btree (group_id);


--
-- Name: users_customuser_user_permissions_customuser_id_5771478b; Type: INDEX; Schema: public; Owner: -
--

CREATE INDEX users_customuser_user_permissions_customuser_id_5771478b ON public.users_customuser_user_permissions USING btree (customuser_id);


--
-- Name: users_customuser_user_permissions_permission_id_baaa2f74; Type: INDEX; Schema: public; Owner: -
--

CREATE INDEX users_customuser_user_permissions_permission_id_baaa2f74 ON public.users_customuser_user_permissions USING btree (permission_id);


--
-- Name: users_customuser_username_80452fdf_like; Type: INDEX; Schema: public; Owner: -
--

CREATE INDEX users_customuser_username_80452fdf_like ON public.users_customuser USING btree (username varchar_pattern_ops);


--
-- Name: auth_group_permissions auth_group_permissio_permission_id_84c5c92e_fk_auth_perm; Type: FK CONSTRAINT; Schema: public; Owner: -
--

ALTER TABLE ONLY public.auth_group_permissions
    ADD CONSTRAINT auth_group_permissio_permission_id_84c5c92e_fk_auth_perm FOREIGN KEY (permission_id) REFERENCES public.auth_permission(id) DEFERRABLE INITIALLY DEFERRED;


--
-- Name: auth_group_permissions auth_group_permissions_group_id_b120cbf9_fk_auth_group_id; Type: FK CONSTRAINT; Schema: public; Owner: -
--

ALTER TABLE ONLY public.auth_group_permissions
    ADD CONSTRAINT auth_group_permissions_group_id_b120cbf9_fk_auth_group_id FOREIGN KEY (group_id) REFERENCES public.auth_group(id) DEFERRABLE INITIALLY DEFERRED;


--
-- Name: auth_permission auth_permission_content_type_id_2f476e4b_fk_django_co; Type: FK CONSTRAINT; Schema: public; Owner: -
--

ALTER TABLE ONLY public.auth_permission
    ADD CONSTRAINT auth_permission_content_type_id_2f476e4b_fk_django_co FOREIGN KEY (content_type_id) REFERENCES public.django_content_type(id) DEFERRABLE INITIALLY DEFERRED;


--
-- Name: django_admin_log django_admin_log_content_type_id_c4bce8eb_fk_django_co; Type: FK CONSTRAINT; Schema: public; Owner: -
--

ALTER TABLE ONLY public.django_admin_log
    ADD CONSTRAINT django_admin_log_content_type_id_c4bce8eb_fk_django_co FOREIGN KEY (content_type_id) REFERENCES public.django_content_type(id) DEFERRABLE INITIALLY DEFERRED;


--
-- Name: django_admin_log django_admin_log_user_id_c564eba6_fk_users_customuser_id; Type: FK CONSTRAINT; Schema: public; Owner: -
--

ALTER TABLE ONLY public.django_admin_log
    ADD CONSTRAINT django_admin_log_user_id_c564eba6_fk_users_customuser_id FOREIGN KEY (user_id) REFERENCES public.users_customuser(id) DEFERRABLE INITIALLY DEFERRED;


--
-- Name: initiatives_initiative_categories initiatives_initiati_category_id_08fb4ea1_fk_initiativ; Type: FK CONSTRAINT; Schema: public; Owner: -
--

ALTER TABLE ONLY public.initiatives_initiative_categories
    ADD CONSTRAINT initiatives_initiati_category_id_08fb4ea1_fk_initiativ FOREIGN KEY (category_id) REFERENCES public.initiatives_category(id) DEFERRABLE INITIALLY DEFERRED;


--
-- Name: initiatives_initiative_categories initiatives_initiati_initiative_id_d38256d4_fk_initiativ; Type: FK CONSTRAINT; Schema: public; Owner: -
--

ALTER TABLE ONLY public.initiatives_initiative_categories
    ADD CONSTRAINT initiatives_initiati_initiative_id_d38256d4_fk_initiativ FOREIGN KEY (initiative_id) REFERENCES public.initiatives_initiative(id) DEFERRABLE INITIALLY DEFERRED;


--
-- Name: investments_investment investments_investme_initiative_id_e3679f4a_fk_initiativ; Type: FK CONSTRAINT; Schema: public; Owner: -
--

ALTER TABLE ONLY public.investments_investment
    ADD CONSTRAINT investments_investme_initiative_id_e3679f4a_fk_initiativ FOREIGN KEY (initiative_id) REFERENCES public.initiatives_initiative(id) DEFERRABLE INITIALLY DEFERRED;


--
-- Name: investments_investmentgoal investments_investme_user_id_ea5e017d_fk_users_cus; Type: FK CONSTRAINT; Schema: public; Owner: -
--

ALTER TABLE ONLY public.investments_investmentgoal
    ADD CONSTRAINT investments_investme_user_id_ea5e017d_fk_users_cus FOREIGN KEY (user_id) REFERENCES public.users_customuser(id) DEFERRABLE INITIALLY DEFERRED;


--
-- Name: investments_investment investments_investment_user_id_0e0ca19d_fk_users_customuser_id; Type: FK CONSTRAINT; Schema: public; Owner: -
--

ALTER TABLE ONLY public.investments_investment
    ADD CONSTRAINT investments_investment_user_id_0e0ca19d_fk_users_customuser_id FOREIGN KEY (user_id) REFERENCES public.users_customuser(id) DEFERRABLE INITIALLY DEFERRED;


--
-- Name: onboarding_onboardingprogress onboarding_onboardin_user_id_94322e5b_fk_users_cus; Type: FK CONSTRAINT; Schema: public; Owner: -
--

ALTER TABLE ONLY public.onboarding_onboardingprogress
    ADD CONSTRAINT onboarding_onboardin_user_id_94322e5b_fk_users_cus FOREIGN KEY (user_id) REFERENCES public.users_customuser(id) DEFERRABLE INITIALLY DEFERRED;


--
-- Name: onboarding_userpreference_interested_categories onboarding_userprefe_category_id_ba303626_fk_initiativ; Type: FK CONSTRAINT; Schema: public; Owner: -
--

ALTER TABLE ONLY public.onboarding_userpreference_interested_categories
    ADD CONSTRAINT onboarding_userprefe_category_id_ba303626_fk_initiativ FOREIGN KEY (category_id) REFERENCES public.initiatives_category(id) DEFERRABLE INITIALLY DEFERRED;


--
-- Name: onboarding_userpreference onboarding_userprefe_user_id_2115fe97_fk_users_cus; Type: FK CONSTRAINT; Schema: public; Owner: -
--

ALTER TABLE ONLY public.onboarding_userpreference
    ADD CONSTRAINT onboarding_userprefe_user_id_2115fe97_fk_users_cus FOREIGN KEY (user_id) REFERENCES public.users_customuser(id) DEFERRABLE INITIALLY DEFERRED;


--
-- Name: onboarding_userpreference_interested_categories onboarding_userprefe_userpreference_id_83100800_fk_onboardin; Type: FK CONSTRAINT; Schema: public; Owner: -
--

ALTER TABLE ONLY public.onboarding_userpreference_interested_categories
    ADD CONSTRAINT onboarding_userprefe_userpreference_id_83100800_fk_onboardin FOREIGN KEY (userpreference_id) REFERENCES public.onboarding_userpreference(id) DEFERRABLE INITIALLY DEFERRED;


--
-- Name: users_customuser_groups users_customuser_gro_customuser_id_958147bf_fk_users_cus; Type: FK CONSTRAINT; Schema: public; Owner: -
--

ALTER TABLE ONLY public.users_customuser_groups
    ADD CONSTRAINT users_customuser_gro_customuser_id_958147bf_fk_users_cus FOREIGN KEY (customuser_id) REFERENCES public.users_customuser(id) DEFERRABLE INITIALLY DEFERRED;


--
-- Name: users_customuser_groups users_customuser_groups_group_id_01390b14_fk_auth_group_id; Type: FK CONSTRAINT; Schema: public; Owner: -
--

ALTER TABLE ONLY public.users_customuser_groups
    ADD CONSTRAINT users_customuser_groups_group_id_01390b14_fk_auth_group_id FOREIGN KEY (group_id) REFERENCES public.auth_group(id) DEFERRABLE INITIALLY DEFERRED;


--
-- Name: users_customuser_user_permissions users_customuser_use_customuser_id_5771478b_fk_users_cus; Type: FK CONSTRAINT; Schema: public; Owner: -
--

ALTER TABLE ONLY public.users_customuser_user_permissions
    ADD CONSTRAINT users_customuser_use_customuser_id_5771478b_fk_users_cus FOREIGN KEY (customuser_id) REFERENCES public.users_customuser(id) DEFERRABLE INITIALLY DEFERRED;


--
-- Name: users_customuser_user_permissions users_customuser_use_permission_id_baaa2f74_fk_auth_perm; Type: FK CONSTRAINT; Schema: public; Owner: -
--

ALTER TABLE ONLY public.users_customuser_user_permissions
    ADD CONSTRAINT users_customuser_use_permission_id_baaa2f74_fk_auth_perm FOREIGN KEY (permission_id) REFERENCES public.auth_permission(id) DEFERRABLE INITIALLY DEFERRED;


--
-- Name: users_profile users_profile_user_id_2112e78d_fk_users_customuser_id; Type: FK CONSTRAINT; Schema: public; Owner: -
--

ALTER TABLE ONLY public.users_profile
    ADD CONSTRAINT users_profile_user_id_2112e78d_fk_users_customuser_id FOREIGN KEY (user_id) REFERENCES public.users_customuser(id) DEFERRABLE INITIALLY DEFERRED;


--
-- PostgreSQL database dump complete
--

